file_name,time_of_event,time_of_alert,light_conditions,weather,scene,time_to_accident,label,split,test_split
00822.mp4,19.5,18.633,Normal,Cloudy,Urban,,crash,train,
00208.mp4,19.8,19.233,Normal,Cloudy,Sub-urban,,crash,train,
00072.mp4,20.101,20.068,Normal,Clear,Urban,,crash,train,
00128.mp4,19.267,18.333,Normal,Clear,Urban,,crash,train,
00205.mp4,21.146,18.196,Normal,Clear,Highway,,crash,train,
00408.mp4,19.953,17.551,Normal,Clear,Urban,,crash,train,
00948.mp4,20.287,19.219,Normal,Clear,Sub-urban,,crash,train,
00457.mp4,19.6,19.367,Normal,Cloudy,Sub-urban,,crash,train,
00471.mp4,19.833,18.267,Normal,Clear,Highway,,crash,train,
00900.mp4,21.177,17.942,Bright,Clear,Sub-urban,,crash,train,
00841.mp4,19.0,16.167,Normal,Clear,Highway,,crash,train,
00333.mp4,19.667,17.0,Normal,Cloudy,Urban,,crash,train,
00564.mp4,20.24,17.417,Normal,Clear,Sub-urban,,crash,train,
00245.mp4,20.133,19.067,Normal,Cloudy,Urban,,crash,train,
00171.mp4,10.067,6.833,Normal,Cloudy,Highway,,crash,train,
00795.mp4,20.706,16.493,Normal,Clear,Urban,,crash,train,
00372.mp4,19.967,17.867,Normal,Cloudy,Sub-urban,,crash,train,
00938.mp4,10.426,10.226,Normal,Clear,Other,,crash,train,
00884.mp4,21.864,20.197,Normal,Clear,Sub-urban,,crash,train,
00641.mp4,9.832,6.733,Normal,Cloudy,Highway,,crash,train,
00010.mp4,20.9,18.533,Normal,Cloudy,Urban,,crash,train,
00927.mp4,20.033,16.4,Dark,Clear,Urban,,crash,train,
00378.mp4,18.3,15.733,Normal,Clear,Urban,,crash,train,
00238.mp4,20.35,17.5,Normal,Clear,Urban,,crash,train,
00313.mp4,19.709,18.794,Normal,Cloudy,Urban,,crash,train,
00876.mp4,20.192,18.722,Normal,Cloudy,Urban,,crash,train,
00098.mp4,19.11,16.823,Normal,Clear,Urban,,crash,train,
00516.mp4,20.6,19.633,Normal,Clear,Urban,,crash,train,
00357.mp4,19.493,17.73,Normal,Clear,Urban,,crash,train,
00903.mp4,20.087,17.184,Normal,Rain,Urban,,crash,train,
00880.mp4,19.4,18.5,Normal,Cloudy,Highway,,crash,train,
00558.mp4,20.266,17.945,Normal,Rain,Urban,,crash,train,
00291.mp4,17.647,15.229,Normal,Cloudy,Highway,,crash,train,
00977.mp4,19.667,18.833,Normal,Clear,Urban,,crash,train,
00100.mp4,18.467,17.233,Normal,Cloudy,Urban,,crash,train,
00765.mp4,19.314,18.301,Normal,Clear,Highway,,crash,train,
01022.mp4,18.0,16.5,Normal,Cloudy,Highway,,crash,train,
00042.mp4,19.465,17.766,Normal,Clear,Urban,,crash,train,
00286.mp4,19.601,17.347,Normal,Clear,Sub-urban,,crash,train,
00858.mp4,20.033,16.633,Normal,Cloudy,Sub-urban,,crash,train,
00629.mp4,10.431,8.398,Twilight,Clear,Sub-urban,,crash,train,
00145.mp4,17.4,15.233,Normal,Clear,Urban,,crash,train,
01033.mp4,20.181,18.451,Normal,Cloudy,Sub-urban,,crash,train,
00292.mp4,20.8,19.533,Normal,Clear,Urban,,crash,train,
00611.mp4,19.633,16.833,Normal,Rain,Sub-urban,,crash,train,
01016.mp4,19.794,18.781,Normal,Clear,Urban,,crash,train,
00336.mp4,3.921,3.072,Normal,Clear,Highway,,crash,train,
00168.mp4,19.133,17.833,Normal,Cloudy,Urban,,crash,train,
00600.mp4,19.4,15.933,Normal,Cloudy,Highway,,crash,train,
00473.mp4,21.067,18.6,Normal,Rain,Highway,,crash,train,
00515.mp4,19.9,17.867,Normal,Clear,Urban,,crash,train,
00058.mp4,19.149,18.071,Normal,Rain,Urban,,crash,train,
00348.mp4,19.57,17.933,Normal,Clear,Sub-urban,,crash,train,
00487.mp4,20.967,20.067,Normal,Clear,Urban,,crash,train,
00335.mp4,20.15,18.515,Normal,Clear,Highway,,crash,train,
00029.mp4,19.933,19.1,Normal,Clear,Highway,,crash,train,
00960.mp4,19.237,17.898,Normal,Cloudy,Urban,,crash,train,
00980.mp4,19.667,18.667,Normal,Cloudy,Highway,,crash,train,
00148.mp4,19.233,17.3,Normal,Cloudy,Urban,,crash,train,
00301.mp4,20.02,19.119,Normal,Cloudy,Urban,,crash,train,
00702.mp4,20.745,17.641,Normal,Clear,Highway,,crash,train,
00819.mp4,19.52,15.449,Normal,Clear,Highway,,crash,train,
00459.mp4,10.524,9.991,Normal,Cloudy,Highway,,crash,train,
00529.mp4,19.805,18.629,Normal,Clear,Urban,,crash,train,
00425.mp4,19.231,17.811,Normal,Cloudy,Urban,,crash,train,
00006.mp4,19.233,17.133,Normal,Cloudy,Urban,,crash,train,
00617.mp4,19.661,18.453,Dark,Clear,Highway,,crash,train,
00705.mp4,21.86,19.867,Normal,Rain,Other,,crash,train,
00083.mp4,10.697,8.398,Normal,Cloudy,Highway,,crash,train,
00032.mp4,19.533,19.233,Normal,Clear,Urban,,crash,train,
00861.mp4,20.9,19.367,Normal,Clear,Sub-urban,,crash,train,
00723.mp4,20.267,18.733,Normal,Clear,Urban,,crash,train,
00851.mp4,19.92,19.019,Normal,Cloudy,Highway,,crash,train,
00370.mp4,22.267,21.5,Normal,Rain,Urban,,crash,train,
00355.mp4,18.6,17.8,Normal,Clear,Sub-urban,,crash,train,
00375.mp4,17.671,16.364,Normal,Clear,Other,,crash,train,
00437.mp4,20.167,19.0,Normal,Clear,Urban,,crash,train,
00477.mp4,20.0,18.833,Normal,Clear,Urban,,crash,train,
00077.mp4,19.964,17.645,Normal,Cloudy,Highway,,crash,train,
00068.mp4,19.9,16.733,Normal,Cloudy,Urban,,crash,train,
00986.mp4,20.533,20.133,Normal,Clear,Urban,,crash,train,
00587.mp4,20.733,19.533,Normal,Clear,Highway,,crash,train,
01037.mp4,20.55,18.048,Normal,Clear,Urban,,crash,train,
00109.mp4,20.133,16.167,Normal,Cloudy,Highway,,crash,train,
00498.mp4,19.448,17.9,Normal,Clear,Urban,,crash,train,
00312.mp4,21.8,19.774,Normal,Clear,Urban,,crash,train,
00673.mp4,19.167,17.333,Normal,Clear,Sub-urban,,crash,train,
00440.mp4,18.933,17.567,Normal,Clear,Urban,,crash,train,
00614.mp4,21.733,19.3,Normal,Cloudy,Urban,,crash,train,
00963.mp4,20.487,18.852,Normal,Clear,Highway,,crash,train,
00450.mp4,20.285,18.946,Normal,Clear,Urban,,crash,train,
00435.mp4,20.7,19.5,Normal,Clear,Urban,,crash,train,
00201.mp4,18.386,18.021,Normal,Clear,Urban,,crash,train,
00441.mp4,9.096,6.131,Normal,Cloudy,Highway,,crash,train,
00300.mp4,10.064,8.464,Normal,Clear,Highway,,crash,train,
00847.mp4,19.667,15.812,Normal,Cloudy,Urban,,crash,train,
00901.mp4,18.933,17.667,Normal,Cloudy,Sub-urban,,crash,train,
00651.mp4,19.666,18.297,Normal,Clear,Urban,,crash,train,
00056.mp4,19.4,18.9,Normal,Clear,Urban,,crash,train,
00604.mp4,19.806,18.611,Normal,Cloudy,Urban,,crash,train,
00164.mp4,10.226,9.093,Normal,Clear,Highway,,crash,train,
00423.mp4,19.1,19.067,Normal,Cloudy,Urban,,crash,train,
00410.mp4,20.9,20.067,Normal,Cloudy,Highway,,crash,train,
00998.mp4,20.078,19.19,Normal,Clear,Highway,,crash,train,
00190.mp4,18.867,15.867,Normal,Cloudy,Highway,,crash,train,
00223.mp4,20.3,19.333,Normal,Rain,Urban,,crash,train,
00284.mp4,19.802,18.658,Normal,Cloudy,Urban,,crash,train,
00373.mp4,20.71,19.29,Twilight,Cloudy,Urban,,crash,train,
00260.mp4,20.567,18.533,Twilight,Cloudy,Urban,,crash,train,
00037.mp4,20.533,19.633,Normal,Clear,Urban,,crash,train,
00340.mp4,18.032,15.871,Normal,Clear,Urban,,crash,train,
00890.mp4,19.15,16.414,Normal,Cloudy,Urban,,crash,train,
00371.mp4,20.095,19.341,Normal,Clear,Urban,,crash,train,
00434.mp4,9.532,8.099,Normal,Cloudy,Sub-urban,,crash,train,
00206.mp4,20.733,17.467,Normal,Cloudy,Urban,,crash,train,
00665.mp4,19.86,18.125,Twilight,Clear,Urban,,crash,train,
00401.mp4,21.85,21.167,Normal,Clear,Urban,,crash,train,
00885.mp4,20.449,18.26,Normal,Rain,Urban,,crash,train,
00985.mp4,25.667,23.767,Normal,Clear,Sub-urban,,crash,train,
00635.mp4,20.167,19.833,Normal,Clear,Urban,,crash,train,
00099.mp4,17.006,15.959,Normal,Clear,Urban,,crash,train,
00123.mp4,19.467,18.133,Normal,Rain,Urban,,crash,train,
00771.mp4,19.398,17.928,Normal,Cloudy,Urban,,crash,train,
00455.mp4,18.653,17.281,Normal,Clear,Urban,,crash,train,
00677.mp4,20.1,18.967,Normal,Rain,Urban,,crash,train,
00810.mp4,20.44,18.22,Normal,Rain,Highway,,crash,train,
00181.mp4,20.049,17.934,Normal,Clear,Highway,,crash,train,
00547.mp4,19.967,17.8,Normal,Clear,Urban,,crash,train,
00695.mp4,20.767,17.667,Normal,Clear,Urban,,crash,train,
00079.mp4,20.3,19.3,Normal,Clear,Urban,,crash,train,
00334.mp4,19.083,18.4,Normal,Cloudy,Highway,,crash,train,
00751.mp4,20.333,19.1,Normal,Cloudy,Sub-urban,,crash,train,
00430.mp4,19.381,18.51,Normal,Cloudy,Urban,,crash,train,
00461.mp4,10.1,8.0,Dark,Cloudy,Highway,,crash,train,
00940.mp4,19.962,18.492,Normal,Clear,Urban,,crash,train,
00381.mp4,18.352,17.384,Normal,Clear,Urban,,crash,train,
00460.mp4,20.047,18.38,Normal,Clear,Urban,,crash,train,
00090.mp4,19.267,18.333,Normal,Cloudy,Urban,,crash,train,
00645.mp4,20.833,18.867,Normal,Cloudy,Sub-urban,,crash,train,
00132.mp4,20.167,19.267,Normal,Clear,Urban,,crash,train,
01036.mp4,21.769,19.499,Normal,Rain,Urban,,crash,train,
00605.mp4,19.405,17.968,Normal,Clear,Sub-urban,,crash,train,
00040.mp4,18.433,17.4,Normal,Cloudy,Urban,,crash,train,
00719.mp4,20.9,17.767,Normal,Clear,Urban,,crash,train,
00813.mp4,20.7,18.433,Normal,Clear,Urban,,crash,train,
00295.mp4,19.133,18.167,Normal,Cloudy,Urban,,crash,train,
00773.mp4,20.1,18.967,Twilight,Clear,Highway,,crash,train,
00656.mp4,20.6,19.233,Twilight,Clear,Urban,,crash,train,
00589.mp4,19.667,18.799,Normal,Clear,Highway,,crash,train,
00588.mp4,19.3,17.5,Dark,Clear,Highway,,crash,train,
00540.mp4,20.747,20.158,Normal,Clear,Urban,,crash,train,
00557.mp4,20.533,19.133,Twilight,Clear,Urban,,crash,train,
00704.mp4,18.394,17.456,Normal,Clear,Urban,,crash,train,
00563.mp4,19.379,17.297,Normal,Clear,Urban,,crash,train,
01000.mp4,17.937,17.152,Normal,Cloudy,Rural,,crash,train,
00949.mp4,20.153,17.474,Normal,Clear,Urban,,crash,train,
00179.mp4,20.0,18.967,Normal,Cloudy,Urban,,crash,train,
00591.mp4,20.194,19.212,Normal,Clear,Urban,,crash,train,
00755.mp4,19.033,18.233,Normal,Clear,Highway,,crash,train,
00932.mp4,20.033,15.933,Normal,Clear,Urban,,crash,train,
00021.mp4,20.033,18.767,Normal,Clear,Urban,,crash,train,
00727.mp4,21.6,19.3,Normal,Cloudy,Highway,,crash,train,
00263.mp4,20.05,19.333,Normal,Rain,Urban,,crash,train,
00921.mp4,20.521,18.785,Normal,Clear,Sub-urban,,crash,train,
00833.mp4,9.492,8.226,Normal,Cloudy,Highway,,crash,train,
00066.mp4,21.722,20.787,Normal,Rain,Urban,,crash,train,
00431.mp4,21.783,20.4,Normal,Clear,Highway,,crash,train,
00152.mp4,20.091,18.621,Normal,Cloudy,Urban,,crash,train,
00577.mp4,22.064,20.789,Normal,Clear,Urban,,crash,train,
00845.mp4,21.4,20.1,Normal,Clear,Urban,,crash,train,
00776.mp4,19.818,18.089,Twilight,Clear,Urban,,crash,train,
00520.mp4,21.352,19.85,Normal,Cloudy,Urban,,crash,train,
00761.mp4,18.8,17.633,Normal,Cloudy,Sub-urban,,crash,train,
00590.mp4,20.321,18.622,Normal,Clear,Urban,,crash,train,
00802.mp4,21.336,20.323,Normal,Cloudy,Urban,,crash,train,
00666.mp4,21.633,20.1,Normal,Clear,Highway,,crash,train,
00791.mp4,19.8,18.667,Normal,Clear,Urban,,crash,train,
00699.mp4,19.0,17.667,Normal,Clear,Urban,,crash,train,
00868.mp4,19.004,17.398,Normal,Clear,Urban,,crash,train,
00005.mp4,20.874,20.809,Normal,Rain,Urban,,crash,train,
00004.mp4,19.367,19.167,Normal,Cloudy,Urban,,crash,train,
00877.mp4,20.167,18.6,Twilight,Clear,Highway,,crash,train,
00319.mp4,20.067,19.533,Normal,Clear,Urban,,crash,train,
00668.mp4,19.767,18.233,Normal,Clear,Highway,,crash,train,
00209.mp4,18.533,17.2,Normal,Clear,Urban,,crash,train,
00111.mp4,19.783,18.167,Normal,Cloudy,Urban,,crash,train,
00202.mp4,19.633,18.167,Normal,Rain,Urban,,crash,train,
00506.mp4,19.343,17.97,Normal,Clear,Highway,,crash,train,
00354.mp4,19.85,18.133,Normal,Clear,Urban,,crash,train,
00730.mp4,19.576,18.303,Normal,Clear,Sub-urban,,crash,train,
00731.mp4,20.433,19.367,Normal,Clear,Highway,,crash,train,
00961.mp4,19.6,18.533,Normal,Clear,Urban,,crash,train,
00601.mp4,18.533,17.233,Normal,Clear,Urban,,crash,train,
00255.mp4,20.733,19.967,Normal,Clear,Urban,,crash,train,
00031.mp4,19.1,17.733,Normal,Clear,Urban,,crash,train,
00683.mp4,20.912,19.474,Normal,Cloudy,Urban,,crash,train,
00936.mp4,19.167,17.633,Dark,Clear,Highway,,crash,train,
00598.mp4,19.2,18.167,Normal,Cloudy,Sub-urban,,crash,train,
00343.mp4,18.826,15.689,Normal,Cloudy,Urban,,crash,train,
00318.mp4,20.09,19.035,Normal,Clear,Urban,,crash,train,
00671.mp4,10.159,7.694,Twilight,Clear,Highway,,crash,train,
00175.mp4,19.052,17.851,Normal,Clear,Urban,,crash,train,
00955.mp4,19.533,16.9,Normal,Clear,Sub-urban,,crash,train,
00834.mp4,19.604,17.607,Normal,Cloudy,Highway,,crash,train,
00603.mp4,18.821,17.841,Normal,Clear,Urban,,crash,train,
00240.mp4,19.492,18.546,Normal,Cloudy,Urban,,crash,train,
00388.mp4,18.32,16.651,Normal,Clear,Other,,crash,train,
00843.mp4,19.308,18.186,Normal,Clear,Urban,,crash,train,
00887.mp4,19.967,19.167,Normal,Cloudy,Highway,,crash,train,
01019.mp4,18.982,17.25,Normal,Rain,Urban,,crash,train,
00722.mp4,20.533,17.267,Normal,Clear,Urban,,crash,train,
00904.mp4,19.209,18.523,Normal,Cloudy,Highway,,crash,train,
00785.mp4,19.933,18.533,Normal,Cloudy,Urban,,crash,train,
00014.mp4,19.067,18.4,Normal,Cloudy,Sub-urban,,crash,train,
00593.mp4,19.333,17.667,Normal,Rain,Urban,,crash,train,
00869.mp4,19.833,18.267,Normal,Clear,Urban,,crash,train,
00015.mp4,19.7,17.667,Normal,Clear,Highway,,crash,train,
00621.mp4,25.7,22.133,Normal,Cloudy,Urban,,crash,train,
00049.mp4,19.399,18.264,Normal,Cloudy,Urban,,crash,train,
01003.mp4,20.509,17.962,Normal,Clear,Highway,,crash,train,
00167.mp4,20.0,18.233,Normal,Rain,Urban,,crash,train,
00669.mp4,20.232,18.14,Normal,Clear,Sub-urban,,crash,train,
00117.mp4,19.133,18.967,Normal,Clear,Highway,,crash,train,
00690.mp4,21.133,17.033,Twilight,Cloudy,Sub-urban,,crash,train,
00494.mp4,19.796,18.849,Normal,Clear,Urban,,crash,train,
00857.mp4,20.878,18.591,Normal,Clear,Urban,,crash,train,
00599.mp4,20.967,19.5,Normal,Cloudy,Highway,,crash,train,
00235.mp4,9.177,7.228,Normal,Clear,Other,,crash,train,
00369.mp4,20.167,17.7,Normal,Clear,Urban,,crash,train,
00057.mp4,20.317,19.133,Normal,Cloudy,Urban,,crash,train,
00071.mp4,19.833,18.933,Normal,,Urban,,crash,train,
00026.mp4,9.796,6.997,Normal,Cloudy,Highway,,crash,train,
00729.mp4,19.132,17.859,Normal,Cloudy,Highway,,crash,train,
00897.mp4,19.7,16.667,Normal,Clear,Urban,,crash,train,
00856.mp4,9.831,7.465,Normal,Clear,Highway,,crash,train,
00607.mp4,18.805,14.608,Normal,Clear,Sub-urban,,crash,train,
00947.mp4,19.733,18.567,Twilight,Clear,Highway,,crash,train,
00902.mp4,20.367,18.8,Twilight,Cloudy,Urban,,crash,train,
00622.mp4,10.828,9.562,Normal,Cloudy,Sub-urban,,crash,train,
00854.mp4,19.432,18.263,Normal,Clear,Highway,,crash,train,
00643.mp4,20.501,19.032,Normal,Clear,Urban,,crash,train,
00013.mp4,20.567,18.6,Normal,Cloudy,Sub-urban,,crash,train,
00562.mp4,20.633,18.933,Normal,Cloudy,Urban,,crash,train,
00976.mp4,19.887,18.352,Normal,Clear,Sub-urban,,crash,train,
00298.mp4,20.641,19.073,Normal,Rain,Urban,,crash,train,
01013.mp4,19.3,18.833,Normal,Clear,Urban,,crash,train,
00881.mp4,17.235,16.876,Normal,Clear,Highway,,crash,train,
00131.mp4,19.581,18.645,Normal,Cloudy,Other,,crash,train,
00469.mp4,18.489,17.471,Bright,Clear,Highway,,crash,train,
00214.mp4,21.157,20.341,Normal,Cloudy,Urban,,crash,train,
00831.mp4,18.25,17.367,Normal,Clear,Urban,,crash,train,
00173.mp4,9.263,6.397,Normal,Cloudy,Urban,,crash,train,
00124.mp4,20.733,20.0,Normal,Clear,Urban,,crash,train,
00543.mp4,19.867,18.333,Normal,Clear,Highway,,crash,train,
00108.mp4,19.3,18.233,Dark,Clear,Urban,,crash,train,
00777.mp4,20.515,17.871,Twilight,Cloudy,Highway,,crash,train,
01035.mp4,20.293,17.352,Normal,Clear,Urban,,crash,train,
00882.mp4,19.316,16.747,Normal,Rain,Urban,,crash,train,
00745.mp4,19.833,18.933,Normal,Clear,Highway,,crash,train,
00664.mp4,20.833,19.433,Normal,Clear,Urban,,crash,train,
00216.mp4,18.267,16.767,Normal,Cloudy,Urban,,crash,train,
00158.mp4,22.867,20.733,Normal,Clear,Urban,,crash,train,
00889.mp4,21.833,19.1,Normal,Cloudy,Urban,,crash,train,
00151.mp4,20.32,18.252,Normal,Clear,Urban,,crash,train,
00586.mp4,20.179,17.699,Dark,Rain,Highway,,crash,train,
00189.mp4,20.335,18.098,Twilight,Cloudy,Urban,,crash,train,
00155.mp4,19.221,17.31,Normal,Clear,Urban,,crash,train,
00694.mp4,18.8,16.6,Normal,Clear,Urban,,crash,train,
00638.mp4,17.573,14.601,Normal,Cloudy,Sub-urban,,crash,train,
00891.mp4,19.233,17.7,Normal,Clear,Urban,,crash,train,
00226.mp4,19.433,18.333,Normal,Cloudy,Urban,,crash,train,
00965.mp4,21.198,21.068,Normal,Clear,Urban,,crash,train,
00667.mp4,18.033,17.067,Twilight,Clear,Urban,,crash,train,
00991.mp4,19.3,18.367,Normal,Clear,Urban,,crash,train,
00538.mp4,19.883,18.7,Normal,Clear,Urban,,crash,train,
00330.mp4,20.433,19.567,Normal,Cloudy,Urban,,crash,train,
00763.mp4,19.3,17.633,Dark,Rain,Urban,,crash,train,
00105.mp4,20.1,19.267,Normal,Clear,Urban,,crash,train,
01011.mp4,19.866,17.961,Normal,Clear,Urban,,crash,train,
00320.mp4,20.6,18.733,Normal,Clear,Urban,,crash,train,
00141.mp4,20.619,19.835,Normal,Clear,Highway,,crash,train,
00783.mp4,21.265,20.35,Twilight,Clear,Urban,,crash,train,
00630.mp4,19.926,16.104,Normal,Clear,Urban,,crash,train,
00709.mp4,20.333,18.8,Twilight,Cloudy,Urban,,crash,train,
00931.mp4,19.633,17.6,Normal,Clear,Urban,,crash,train,
00682.mp4,19.7,18.533,Normal,Clear,Highway,,crash,train,
00184.mp4,21.633,21.5,Normal,Rain,Urban,,crash,train,
00580.mp4,20.9,19.533,Normal,Clear,Urban,,crash,train,
00044.mp4,20.1,19.333,Normal,Rain,Urban,,crash,train,
00910.mp4,19.067,17.533,Normal,Clear,Highway,,crash,train,
00978.mp4,20.219,16.496,Normal,Clear,Sub-urban,,crash,train,
00225.mp4,21.05,19.667,Normal,Rain,Other,,crash,train,
00913.mp4,18.967,17.067,Normal,Clear,Urban,,crash,train,
00928.mp4,19.5,17.667,Normal,Clear,Highway,,crash,train,
00639.mp4,19.953,17.951,Twilight,Cloudy,Sub-urban,,crash,train,
00873.mp4,19.861,17.983,Normal,Clear,Urban,,crash,train,
00310.mp4,20.963,20.106,Normal,Cloudy,Urban,,crash,train,
00061.mp4,18.833,16.733,Normal,Clear,Urban,,crash,train,
00995.mp4,20.033,18.767,Normal,Clear,Urban,,crash,train,
00937.mp4,20.167,18.3,Twilight,Clear,Sub-urban,,crash,train,
00528.mp4,56.8,55.467,Normal,Clear,Industrial,,crash,train,
00943.mp4,15.689,14.284,Normal,Clear,Sub-urban,,crash,train,
00618.mp4,20.167,18.867,Normal,Cloudy,Urban,,crash,train,
00493.mp4,19.433,17.433,Normal,Clear,Urban,,crash,train,
00602.mp4,18.933,16.033,Normal,Clear,Urban,,crash,train,
00149.mp4,21.433,19.033,Normal,Cloudy,Urban,,crash,train,
00324.mp4,20.05,19.167,Normal,Clear,Urban,,crash,train,
00688.mp4,19.306,16.192,Normal,Clear,Urban,,crash,train,
00237.mp4,19.267,15.167,Normal,Clear,Highway,,crash,train,
00064.mp4,8.167,7.567,Dark,Clear,Highway,,crash,train,
00488.mp4,23.6,19.833,Normal,Clear,Other,,crash,train,
00380.mp4,19.433,18.967,Normal,Clear,Urban,,crash,train,
00387.mp4,16.847,15.159,Normal,Clear,Highway,,crash,train,
00657.mp4,11.299,9.332,Normal,Cloudy,Urban,,crash,train,
00144.mp4,20.233,18.3,Normal,Clear,Urban,,crash,train,
00670.mp4,21.852,20.507,Normal,Clear,Urban,,crash,train,
00467.mp4,19.6,19.433,Normal,Rain,Urban,,crash,train,
00289.mp4,20.5,19.167,Normal,Clear,Urban,,crash,train,
00697.mp4,18.933,18.7,Normal,Cloudy,Urban,,crash,train,
00967.mp4,9.362,7.629,Normal,Clear,Sub-urban,,crash,train,
00110.mp4,19.164,16.087,Normal,Clear,Urban,,crash,train,
00019.mp4,19.896,19.341,Bright,Clear,Urban,,crash,train,
00022.mp4,19.433,18.267,Normal,Cloudy,Highway,,crash,train,
00898.mp4,19.7,18.498,Normal,Clear,Urban,,crash,train,
00417.mp4,10.058,9.059,Normal,Clear,Highway,,crash,train,
00270.mp4,20.333,18.667,Normal,Cloudy,Urban,,crash,train,
00251.mp4,18.682,18.306,Normal,Clear,Urban,,crash,train,
00918.mp4,20.381,19.903,Normal,Clear,Urban,,crash,train,
00970.mp4,19.902,17.026,Normal,Cloudy,Highway,,crash,train,
01024.mp4,20.667,17.633,Bright,Clear,Highway,,crash,train,
00143.mp4,20.074,18.929,Normal,Cloudy,Sub-urban,,crash,train,
00742.mp4,20.168,19.431,Dark,Clear,Urban,,crash,train,
00016.mp4,19.771,17.861,Normal,Cloudy,Urban,,crash,train,
00036.mp4,22.174,21.412,Normal,Clear,Urban,,crash,train,
00503.mp4,19.4,16.033,Normal,Cloudy,Urban,,crash,train,
00084.mp4,20.354,18.46,Normal,Rain,Urban,,crash,train,
00046.mp4,19.933,17.7,Normal,Cloudy,Urban,,crash,train,
00762.mp4,20.4,18.3,Twilight,Cloudy,Urban,,crash,train,
00102.mp4,18.067,16.833,Normal,Cloudy,Sub-urban,,crash,train,
00254.mp4,18.533,17.2,Normal,Clear,Urban,,crash,train,
00122.mp4,20.217,19.448,Normal,Clear,Urban,,crash,train,
00376.mp4,19.993,19.144,Normal,Clear,Urban,,crash,train,
01031.mp4,9.633,9.067,Normal,Cloudy,Industrial,,crash,train,
00411.mp4,17.3,16.7,Dark,Clear,Urban,,crash,train,
00405.mp4,20.033,17.295,Normal,Clear,Urban,,crash,train,
00166.mp4,19.816,18.407,Normal,Clear,Urban,,crash,train,
00642.mp4,18.721,17.865,Normal,Clear,Urban,,crash,train,
00707.mp4,20.764,18.589,Normal,Clear,Urban,,crash,train,
00308.mp4,19.802,16.572,Normal,Clear,Urban,,crash,train,
00135.mp4,19.3,19.067,Normal,Clear,Urban,,crash,train,
00691.mp4,19.933,18.867,Normal,Rain,Urban,,crash,train,
00085.mp4,18.967,18.567,Normal,Clear,Urban,,crash,train,
00059.mp4,18.933,18.6,Normal,Cloudy,Urban,,crash,train,
00217.mp4,19.9,18.967,Bright,Clear,Urban,,crash,train,
00644.mp4,20.909,18.981,Normal,Clear,Urban,,crash,train,
00418.mp4,20.033,18.4,Twilight,Clear,Urban,,crash,train,
00584.mp4,20.233,15.767,Normal,Cloudy,Highway,,crash,train,
00082.mp4,20.167,17.433,Normal,Cloudy,Urban,,crash,train,
00823.mp4,36.4,34.9,Dark,Clear,Sub-urban,,crash,train,
00983.mp4,13.778,10.075,Normal,Clear,Highway,,crash,train,
00754.mp4,20.2,18.3,Normal,Cloudy,Urban,,crash,train,
00820.mp4,20.1,17.9,Twilight,Cloudy,Urban,,crash,train,
00703.mp4,20.733,19.033,Normal,Clear,Highway,,crash,train,
00133.mp4,19.903,18.276,Normal,Cloudy,Urban,,crash,train,
00282.mp4,19.367,17.9,Normal,Clear,Urban,,crash,train,
00194.mp4,20.329,17.29,Normal,Cloudy,Highway,,crash,train,
01039.mp4,19.967,19.267,Normal,Clear,Sub-urban,,crash,train,
00395.mp4,20.028,19.601,Normal,Cloudy,Urban,,crash,train,
00180.mp4,20.8,19.833,Normal,Cloudy,Urban,,crash,train,
00909.mp4,21.302,18.998,Normal,Clear,Urban,,crash,train,
00769.mp4,20.433,18.7,Twilight,Clear,Urban,,crash,train,
00594.mp4,19.282,18.269,Normal,Clear,Urban,,crash,train,
00784.mp4,18.5,17.367,Normal,Clear,Other,,crash,train,
00827.mp4,20.3,19.133,Normal,Cloudy,Urban,,crash,train,
00828.mp4,20.167,19.0,Normal,Cloudy,Urban,,crash,train,
00570.mp4,19.767,17.567,Normal,Clear,Urban,,crash,train,
00715.mp4,19.572,16.894,Normal,Cloudy,Other,,crash,train,
00195.mp4,19.933,19.3,Normal,Clear,Urban,,crash,train,
00565.mp4,19.867,18.8,Normal,Clear,Sub-urban,,crash,train,
00429.mp4,20.133,20.033,Normal,Clear,Urban,,crash,train,
00496.mp4,19.22,17.817,Normal,Cloudy,Urban,,crash,train,
00968.mp4,21.567,19.133,Normal,Rain,Urban,,crash,train,
00331.mp4,19.511,18.008,Normal,Clear,Other,,crash,train,
00661.mp4,20.4,17.1,Normal,Cloudy,Highway,,crash,train,
00063.mp4,19.55,17.8,Normal,Cloudy,Urban,,crash,train,
00546.mp4,20.267,18.567,Normal,Clear,Urban,,crash,train,
00078.mp4,18.933,18.0,Normal,Cloudy,Urban,,crash,train,
00735.mp4,20.2,19.5,Normal,Cloudy,Highway,,crash,train,
00269.mp4,19.768,18.755,Normal,Cloudy,Urban,,crash,train,
00294.mp4,19.6,16.533,Normal,Clear,Urban,,crash,train,
00997.mp4,21.432,17.684,Normal,Clear,Urban,,crash,train,
00838.mp4,9.192,5.762,Normal,Clear,Highway,,crash,train,
00658.mp4,19.247,18.846,Normal,Cloudy,Highway,,crash,train,
00138.mp4,19.6,17.7,Normal,Clear,Highway,,crash,train,
00608.mp4,19.914,16.892,Normal,Cloudy,Urban,,crash,train,
00023.mp4,19.9,18.967,Normal,Cloudy,Urban,,crash,train,
00224.mp4,19.367,17.633,Normal,Clear,Urban,,crash,train,
00160.mp4,19.833,17.567,Normal,Rain,Urban,,crash,train,
00626.mp4,19.867,18.333,Normal,Clear,Urban,,crash,train,
00244.mp4,19.387,18.258,Normal,Cloudy,Urban,,crash,train,
00623.mp4,20.058,19.568,Twilight,Clear,Highway,,crash,train,
00444.mp4,19.25,16.433,Normal,Cloudy,Urban,,crash,train,
00393.mp4,20.0,18.0,Normal,Clear,Highway,,crash,train,
00872.mp4,19.467,18.533,Normal,Cloudy,Highway,,crash,train,
00443.mp4,19.0,16.968,Normal,Clear,Urban,,crash,train,
00000.mp4,20.76,19.136,Normal,Clear,Urban,,crash,train,
00349.mp4,20.152,18.159,Normal,Cloudy,Urban,,crash,train,
00466.mp4,19.033,17.6,Normal,Clear,Urban,,crash,train,
00283.mp4,9.896,8.763,Dark,Clear,Highway,,crash,train,
00449.mp4,20.547,19.598,Normal,Cloudy,Urban,,crash,train,
00517.mp4,12.849,11.177,Normal,Cloudy,Urban,,crash,train,
00740.mp4,21.233,18.533,Normal,Clear,Sub-urban,,crash,train,
00640.mp4,20.432,17.657,Normal,Clear,Highway,,crash,train,
00911.mp4,19.122,18.162,Normal,Clear,Other,,crash,train,
00522.mp4,19.825,16.526,Normal,Clear,Urban,,crash,train,
00958.mp4,19.081,17.611,Normal,Clear,Urban,,crash,train,
00747.mp4,19.667,17.8,Normal,Clear,Highway,,crash,train,
00252.mp4,18.95,17.333,Normal,Cloudy,Urban,,crash,train,
00366.mp4,19.967,17.433,Normal,Clear,Urban,,crash,train,
00177.mp4,19.667,19.067,Normal,Clear,Urban,,crash,train,
00361.mp4,19.852,18.312,Normal,Cloudy,Urban,,crash,train,
00060.mp4,19.859,17.279,Normal,Rain,Urban,,crash,train,
00407.mp4,20.717,18.833,Normal,Clear,Highway,,crash,train,
00966.mp4,19.728,16.11,Normal,Clear,Highway,,crash,train,
00567.mp4,18.323,17.174,Normal,Cloudy,Highway,,crash,train,
00737.mp4,20.5,19.667,Normal,Clear,Urban,,crash,train,
00228.mp4,20.096,19.017,Normal,Cloudy,Urban,,crash,train,
00573.mp4,10.124,8.293,Normal,Rain,Highway,,crash,train,
00895.mp4,20.586,18.887,Normal,Clear,Urban,,crash,train,
00774.mp4,20.4,19.4,Normal,Clear,Sub-urban,,crash,train,
00678.mp4,10.167,7.6,Normal,Clear,Highway,,crash,train,
00824.mp4,20.521,18.082,Normal,Clear,Urban,,crash,train,
00345.mp4,19.467,17.933,Normal,Clear,Sub-urban,,crash,train,
00818.mp4,19.133,17.867,Normal,Clear,Urban,,crash,train,
00866.mp4,20.767,18.2,Normal,Clear,Urban,,crash,train,
00788.mp4,19.53,18.387,Normal,Clear,Sub-urban,,crash,train,
00556.mp4,20.888,19.019,Normal,Clear,Sub-urban,,crash,train,
00875.mp4,21.051,19.346,Normal,Cloudy,Sub-urban,,crash,train,
00317.mp4,7.333,5.533,Dark,Clear,Highway,,crash,train,
00915.mp4,10.659,8.76,Normal,Clear,Highway,,crash,train,
00106.mp4,18.1,16.9,Normal,Clear,Urban,,crash,train,
00675.mp4,19.2,18.5,Twilight,Clear,Sub-urban,,crash,train,
00714.mp4,19.465,18.194,Normal,Cloudy,Urban,,crash,train,
00392.mp4,20.09,19.379,Normal,Clear,Urban,,crash,train,
00846.mp4,19.231,16.946,Normal,Clear,Highway,,crash,train,
00527.mp4,20.6,17.8,Normal,Clear,Highway,,crash,train,
00130.mp4,19.6,18.0,Normal,Clear,Urban,,crash,train,
00512.mp4,18.915,16.912,Normal,Clear,Urban,,crash,train,
00957.mp4,19.719,18.67,Bright,Clear,Urban,,crash,train,
00836.mp4,19.016,17.415,Normal,Cloudy,Urban,,crash,train,
00329.mp4,19.233,17.833,Normal,Cloudy,Urban,,crash,train,
00906.mp4,18.933,18.033,Normal,Clear,Urban,,crash,train,
00805.mp4,19.335,17.702,Normal,Clear,Sub-urban,,crash,train,
00453.mp4,20.15,18.419,Normal,Cloudy,Highway,,crash,train,
00926.mp4,20.8,19.4,Normal,Rain,Urban,,crash,train,
00692.mp4,20.416,17.639,Normal,Clear,Highway,,crash,train,
00125.mp4,20.624,19.873,Normal,Cloudy,Urban,,crash,train,
00097.mp4,19.949,19.916,Normal,Clear,Urban,,crash,train,
00247.mp4,18.912,16.495,Normal,Cloudy,Highway,,crash,train,
00398.mp4,19.7,17.733,Normal,Rain,Urban,,crash,train,
00655.mp4,22.18,20.998,Normal,Clear,Urban,,crash,train,
00018.mp4,20.683,20.367,Normal,Cloudy,Urban,,crash,train,
00344.mp4,19.947,17.462,Normal,Clear,Highway,,crash,train,
00990.mp4,19.836,19.019,Normal,Clear,Highway,,crash,train,
00917.mp4,21.667,18.133,Normal,Clear,Highway,,crash,train,
00568.mp4,19.6,18.367,Normal,Clear,Urban,,crash,train,
00311.mp4,18.714,14.533,Twilight,Cloudy,Urban,,crash,train,
00739.mp4,19.308,16.825,Normal,Clear,Highway,,crash,train,
00039.mp4,19.067,17.6,Normal,Clear,Urban,,crash,train,
00865.mp4,19.167,18.667,Normal,Clear,Urban,,crash,train,
00427.mp4,18.56,17.241,Normal,Clear,Urban,,crash,train,
01002.mp4,20.085,19.047,Twilight,Cloudy,Highway,,crash,train,
00636.mp4,18.757,17.091,Normal,Clear,Highway,,crash,train,
00416.mp4,20.34,19.459,Normal,Cloudy,Urban,,crash,train,
00539.mp4,19.488,18.411,Normal,Cloudy,Urban,,crash,train,
00809.mp4,20.067,17.9,Normal,Clear,Urban,,crash,train,
00830.mp4,19.665,19.109,Normal,Cloudy,Urban,,crash,train,
00832.mp4,20.0,19.0,Normal,Clear,Highway,,crash,train,
00863.mp4,19.395,16.997,Normal,Cloudy,Urban,,crash,train,
00483.mp4,19.783,18.7,Normal,Clear,Urban,,crash,train,
00491.mp4,20.1,18.867,Normal,Cloudy,Urban,,crash,train,
00024.mp4,20.533,19.567,Normal,Clear,Urban,,crash,train,
00363.mp4,19.107,17.637,Normal,Cloudy,Urban,,crash,train,
00581.mp4,19.91,18.139,Normal,Clear,Urban,,crash,train,
00606.mp4,19.5,18.233,Normal,Clear,Urban,,crash,train,
00789.mp4,20.357,18.723,Normal,Clear,Sub-urban,,crash,train,
00627.mp4,20.333,18.967,Normal,Clear,Urban,,crash,train,
00741.mp4,19.794,18.814,Normal,Cloudy,Sub-urban,,crash,train,
00495.mp4,19.217,17.033,Normal,Clear,Urban,,crash,train,
00287.mp4,20.115,18.45,Normal,Clear,Other,,crash,train,
00458.mp4,19.067,17.233,Normal,Clear,Urban,,crash,train,
00526.mp4,19.466,18.061,Normal,Clear,Urban,,crash,train,
00713.mp4,9.564,8.498,Normal,Clear,Highway,,crash,train,
00859.mp4,19.892,18.422,Normal,Clear,Urban,,crash,train,
00089.mp4,20.367,19.299,Normal,Cloudy,Urban,,crash,train,
00342.mp4,19.567,18.333,Normal,Clear,Urban,,crash,train,
00596.mp4,20.567,17.367,Normal,Cloudy,Highway,,crash,train,
00339.mp4,20.545,19.347,Normal,Clear,Highway,,crash,train,
01028.mp4,9.532,7.133,Normal,Clear,Highway,,crash,train,
00972.mp4,15.602,14.544,Normal,Clear,Highway,,crash,train,
00700.mp4,19.92,18.252,Twilight,Cloudy,Urban,,crash,train,
00624.mp4,20.8,20.0,Normal,Cloudy,Urban,,crash,train,
00923.mp4,19.471,17.344,Normal,Clear,Urban,,crash,train,
01012.mp4,21.367,17.867,Normal,Clear,Sub-urban,,crash,train,
00153.mp4,20.554,17.651,Normal,Cloudy,Highway,,crash,train,
00341.mp4,19.481,16.975,Normal,Cloudy,Urban,,crash,train,
00579.mp4,22.752,21.549,Normal,Clear,Urban,,crash,train,
00234.mp4,9.895,6.63,Dark,Clear,Highway,,crash,train,
00583.mp4,20.744,18.816,Normal,Clear,Highway,,crash,train,
00456.mp4,18.733,17.6,Normal,Clear,Urban,,crash,train,
00095.mp4,9.531,8.831,Normal,Clear,Highway,,crash,train,
00424.mp4,20.167,18.233,Normal,Clear,Urban,,crash,train,
00041.mp4,20.167,18.5,Normal,Clear,Urban,,crash,train,
00988.mp4,9.964,8.798,Normal,Cloudy,Highway,,crash,train,
00981.mp4,20.804,17.052,Normal,Clear,Urban,,crash,train,
00142.mp4,20.921,19.486,Normal,Cloudy,Urban,,crash,train,
00835.mp4,20.433,19.267,Normal,Clear,Urban,,crash,train,
00650.mp4,18.867,14.6,Normal,Clear,Sub-urban,,crash,train,
00276.mp4,19.55,18.733,Normal,Clear,Urban,,crash,train,
00849.mp4,20.8,18.1,Normal,Cloudy,Sub-urban,,crash,train,
00232.mp4,19.033,17.333,Normal,Rain,Urban,,crash,train,
00147.mp4,19.517,18.367,Normal,Clear,Other,,crash,train,
00744.mp4,19.015,18.492,Normal,Clear,Urban,,crash,train,
00351.mp4,19.067,16.633,Normal,Cloudy,Urban,,crash,train,
00609.mp4,20.977,19.768,Normal,Clear,Sub-urban,,crash,train,
00403.mp4,18.336,18.303,Normal,Clear,Urban,,crash,train,
00793.mp4,20.367,16.533,Normal,Clear,Other,,crash,train,
00693.mp4,20.194,19.181,Normal,Clear,Urban,,crash,train,
00103.mp4,20.467,19.4,Normal,Rain,Urban,,crash,train,
00129.mp4,20.567,19.733,Normal,Cloudy,Urban,,crash,train,
00275.mp4,10.166,8.466,Normal,Cloudy,Highway,,crash,train,
00633.mp4,21.667,18.133,Normal,Clear,Urban,,crash,train,
00172.mp4,18.433,17.8,Normal,Cloudy,Urban,,crash,train,
00571.mp4,20.358,19.084,Normal,Cloudy,Urban,,crash,train,
00027.mp4,19.567,17.8,Normal,Clear,Urban,,crash,train,
00307.mp4,20.367,19.133,Normal,Clear,Urban,,crash,train,
00264.mp4,19.231,16.905,Normal,Rain,Urban,,crash,train,
00136.mp4,19.15,16.507,Normal,Clear,Urban,,crash,train,
00816.mp4,21.267,20.2,Normal,Clear,Urban,,crash,train,
00959.mp4,23.8,22.167,Normal,Cloudy,Urban,,crash,train,
00047.mp4,19.567,18.4,Normal,Cloudy,Urban,,crash,train,
00551.mp4,20.3,18.8,Normal,Cloudy,Urban,,crash,train,
00549.mp4,19.4,18.7,Normal,Clear,Urban,,crash,train,
00296.mp4,19.5,18.567,Normal,Cloudy,Urban,,crash,train,
00096.mp4,20.487,19.699,Normal,Cloudy,Highway,,crash,train,
00734.mp4,19.442,15.357,Normal,Rain,Highway,,crash,train,
00480.mp4,20.123,18.425,Normal,Clear,Highway,,crash,train,
00864.mp4,21.633,19.833,Normal,Clear,Urban,,crash,train,
00674.mp4,19.536,17.903,Normal,Cloudy,Highway,,crash,train,
00017.mp4,19.2,17.2,Normal,Clear,Highway,,crash,train,
00935.mp4,19.608,15.795,Normal,Clear,Sub-urban,,crash,train,
00475.mp4,20.209,19.262,Normal,Clear,Urban,,crash,train,
00188.mp4,20.052,19.477,Normal,Clear,Urban,,crash,train,
00302.mp4,19.067,17.5,Normal,Clear,Urban,,crash,train,
00634.mp4,19.9,18.567,Normal,Clear,Sub-urban,,crash,train,
00701.mp4,19.3,18.433,Normal,Cloudy,Highway,,crash,train,
00637.mp4,19.867,18.667,Normal,Cloudy,Urban,,crash,train,
00758.mp4,20.237,19.636,Normal,Clear,Urban,,crash,train,
00163.mp4,18.758,17.613,Normal,Clear,Urban,,crash,train,
00502.mp4,19.667,16.0,Normal,Clear,Highway,,crash,train,
00652.mp4,18.967,18.433,Normal,Clear,Urban,,crash,train,
00825.mp4,19.2,17.667,Normal,Clear,Urban,,crash,train,
00119.mp4,17.365,16.107,Twilight,Clear,Urban,,crash,train,
00303.mp4,20.467,18.8,Normal,Cloudy,Urban,,crash,train,
00929.mp4,18.467,16.033,Dark,Clear,Sub-urban,,crash,train,
01004.mp4,21.799,18.651,Normal,Clear,Urban,,crash,train,
00288.mp4,18.919,17.873,Normal,Clear,Urban,,crash,train,
00065.mp4,19.0,17.567,Normal,Rain,Urban,,crash,train,
00782.mp4,10.126,7.161,Normal,Clear,Highway,,crash,train,
00748.mp4,20.533,19.5,Normal,Cloudy,Urban,,crash,train,
00364.mp4,20.427,19.447,Normal,Clear,Urban,,crash,train,
00048.mp4,9.863,9.496,Twilight,Cloudy,Urban,,crash,train,
00210.mp4,19.7,19.033,Normal,Clear,Urban,,crash,train,
00321.mp4,19.067,17.867,Normal,Rain,Urban,,crash,train,
00426.mp4,19.989,19.401,Normal,Clear,Urban,,crash,train,
00553.mp4,21.069,20.383,Normal,Clear,Urban,,crash,train,
00916.mp4,19.364,16.785,Normal,Cloudy,Urban,,crash,train,
00478.mp4,18.66,17.908,Normal,Rain,Urban,,crash,train,
00944.mp4,10.296,8.897,Dark,Clear,Highway,,crash,train,
00327.mp4,18.388,16.624,Normal,Cloudy,Urban,,crash,train,
00187.mp4,20.38,20.347,Normal,Clear,Urban,,crash,train,
00534.mp4,19.644,17.715,Normal,Clear,Urban,,crash,train,
00686.mp4,19.567,18.533,Normal,Cloudy,Highway,,crash,train,
00256.mp4,19.183,18.267,Normal,Clear,Urban,,crash,train,
00452.mp4,19.8,18.367,Normal,Clear,Urban,,crash,train,
00867.mp4,20.0,18.867,Normal,Clear,Urban,,crash,train,
00554.mp4,20.182,18.288,Normal,Cloudy,Urban,,crash,train,
00093.mp4,9.933,7.533,Dark,Snow,Highway,,crash,train,
00860.mp4,20.433,19.9,Normal,Clear,Highway,,crash,train,
00798.mp4,20.324,18.462,Normal,Rain,Urban,,crash,train,
00971.mp4,20.533,18.2,Dark,Clear,Highway,,crash,train,
01020.mp4,17.49,17.065,Dark,Clear,Highway,,crash,train,
00222.mp4,20.033,18.6,Normal,Cloudy,Highway,,crash,train,
00766.mp4,20.367,18.467,Normal,Rain,Urban,,crash,train,
00259.mp4,19.43,18.483,Normal,Clear,Urban,,crash,train,
00660.mp4,19.969,18.562,Normal,Clear,Urban,,crash,train,
00687.mp4,18.981,17.053,Normal,Cloudy,Urban,,crash,train,
00414.mp4,10.264,9.164,Normal,Clear,Highway,,crash,train,
00725.mp4,19.833,18.633,Normal,Clear,Highway,,crash,train,
00360.mp4,19.933,19.833,Normal,Clear,Urban,,crash,train,
00803.mp4,10.565,7.899,Normal,Cloudy,Highway,,crash,train,
00942.mp4,19.667,18.833,Normal,Clear,Urban,,crash,train,
00233.mp4,19.433,18.167,Normal,Cloudy,Urban,,crash,train,
00285.mp4,20.317,18.815,Normal,Clear,Urban,,crash,train,
00839.mp4,20.153,19.119,Twilight,Clear,Sub-urban,,crash,train,
00698.mp4,20.767,19.433,Normal,Clear,Highway,,crash,train,
00905.mp4,10.657,8.859,Normal,Clear,Industrial,,crash,train,
00464.mp4,19.733,18.8,Normal,Cloudy,Highway,,crash,train,
00787.mp4,20.9,19.4,Normal,Clear,Urban,,crash,train,
00497.mp4,18.567,17.233,Normal,Clear,Urban,,crash,train,
00485.mp4,19.2,17.0,Normal,Clear,Urban,,crash,train,
00358.mp4,19.233,16.1,Normal,Cloudy,Urban,,crash,train,
00792.mp4,20.433,18.267,Normal,Cloudy,Sub-urban,,crash,train,
00653.mp4,21.358,19.311,Normal,Clear,Urban,,crash,train,
00566.mp4,21.654,20.384,Normal,Clear,Urban,,crash,train,
00996.mp4,20.333,17.967,Normal,Clear,Urban,,crash,train,
00912.mp4,19.632,18.554,Normal,Clear,Highway,,crash,train,
00290.mp4,18.33,17.448,Normal,Cloudy,Urban,,crash,train,
00169.mp4,19.903,18.742,Normal,Rain,Urban,,crash,train,
00817.mp4,20.553,19.05,Normal,Clear,Sub-urban,,crash,train,
00028.mp4,19.929,17.74,Normal,Cloudy,Urban,,crash,train,
00647.mp4,19.5,18.533,Normal,Cloudy,Urban,,crash,train,
00521.mp4,20.71,18.984,Normal,Clear,Urban,,crash,train,
00979.mp4,19.795,17.803,Twilight,Clear,Highway,,crash,train,
00850.mp4,21.233,18.967,Normal,Cloudy,Sub-urban,,crash,train,
00712.mp4,20.633,19.367,Twilight,Cloudy,Urban,,crash,train,
01034.mp4,18.267,17.1,Normal,Clear,Highway,,crash,train,
00982.mp4,19.572,18.461,Normal,Clear,Urban,,crash,train,
00952.mp4,19.448,18.63,Normal,Clear,Highway,,crash,train,
00054.mp4,19.3,17.767,Twilight,Clear,Urban,,crash,train,
00003.mp4,19.233,16.9,Normal,Rain,Highway,,crash,train,
00953.mp4,20.149,19.692,Normal,Clear,Sub-urban,,crash,train,
00008.mp4,19.267,19.233,Normal,Clear,Urban,,crash,train,
00964.mp4,20.467,19.1,Normal,Cloudy,Urban,,crash,train,
00663.mp4,18.677,17.727,Twilight,Clear,Highway,,crash,train,
00542.mp4,19.471,16.727,Normal,Clear,Other,,crash,train,
00804.mp4,18.733,18.533,Normal,Clear,Urban,,crash,train,
00696.mp4,20.211,17.24,Normal,Clear,Urban,,crash,train,
00794.mp4,20.905,19.631,Normal,Clear,Highway,,crash,train,
00328.mp4,19.355,18.613,Normal,Clear,Urban,,crash,train,
00433.mp4,21.8,18.967,Normal,Cloudy,Urban,,crash,train,
00625.mp4,19.479,18.128,Normal,Rain,Urban,,crash,train,
00757.mp4,19.967,17.5,Twilight,Clear,Urban,,crash,train,
00560.mp4,19.312,18.936,Normal,Clear,Urban,,crash,train,
00574.mp4,19.567,17.248,Normal,Cloudy,Highway,,crash,train,
00081.mp4,18.667,18.533,Normal,Cloudy,Rural,,crash,train,
00914.mp4,20.32,18.85,Normal,Clear,Urban,,crash,train,
00750.mp4,21.025,19.426,Normal,Clear,Other,,crash,train,
00753.mp4,21.1,19.333,Normal,Cloudy,Highway,,crash,train,
00613.mp4,10.033,8.533,Normal,Cloudy,Urban,,crash,train,
00383.mp4,3.032,1.966,Normal,Cloudy,Highway,,crash,train,
00481.mp4,19.2,18.567,Normal,Cloudy,Urban,,crash,train,
00415.mp4,20.333,18.967,Normal,Cloudy,Urban,,crash,train,
00840.mp4,19.033,18.067,Normal,Clear,Sub-urban,,crash,train,
00585.mp4,19.1,18.4,Normal,Cloudy,Highway,,crash,train,
00114.mp4,20.0,18.367,Normal,Rain,Urban,,crash,train,
00930.mp4,20.1,17.867,Normal,Clear,Urban,,crash,train,
00162.mp4,19.983,19.95,Normal,Clear,Urban,,crash,train,
00592.mp4,20.2,19.333,Normal,Clear,Urban,,crash,train,
00780.mp4,19.967,16.9,Normal,Cloudy,Highway,,crash,train,
00200.mp4,19.132,17.206,Normal,Clear,Urban,,crash,train,
00356.mp4,10.199,8.999,Normal,Clear,Sub-urban,,crash,train,
00362.mp4,10.195,8.33,Normal,Rain,Highway,,crash,train,
00874.mp4,20.425,18.693,Normal,Clear,Urban,,crash,train,
00174.mp4,20.0,19.0,Normal,Rain,Urban,,crash,train,
00239.mp4,7.833,7.367,Normal,Clear,Sub-urban,,crash,train,
00659.mp4,11.789,10.842,Normal,Cloudy,Other,,crash,train,
00945.mp4,18.74,17.857,Normal,Cloudy,Highway,,crash,train,
00213.mp4,18.719,16.016,Normal,Clear,Urban,,crash,train,
00888.mp4,9.861,8.729,Normal,Clear,Highway,,crash,train,
00353.mp4,19.85,19.6,Twilight,Cloudy,Urban,,crash,train,
01008.mp4,11.699,9.132,Normal,Clear,Urban,,crash,train,
00879.mp4,19.933,16.9,Normal,Cloudy,Urban,,crash,train,
00207.mp4,18.4,15.433,Normal,Clear,Urban,,crash,train,
00842.mp4,20.045,18.667,Normal,Clear,Urban,,crash,train,
00973.mp4,12.524,9.227,Normal,Clear,Highway,,crash,train,
00954.mp4,19.333,17.033,Normal,Clear,Sub-urban,,crash,train,
00733.mp4,15.194,11.469,Normal,Clear,Highway,,crash,train,
00597.mp4,10.133,8.5,Normal,Cloudy,Highway,,crash,train,
00896.mp4,19.6,18.3,Normal,Clear,Other,,crash,train,
00684.mp4,18.357,17.382,Normal,Rain,Urban,,crash,train,
00544.mp4,21.455,20.354,Normal,Clear,Rural,,crash,train,
00883.mp4,10.629,8.363,Normal,Clear,Highway,,crash,train,
00170.mp4,21.133,20.0,Normal,Clear,Urban,,crash,train,
00648.mp4,20.133,16.833,Normal,Clear,Highway,,crash,train,
00710.mp4,19.917,17.566,Twilight,Clear,Urban,,crash,train,
00505.mp4,17.7,16.967,Normal,Clear,Urban,,crash,train,
00989.mp4,20.9,18.5,Normal,Cloudy,Highway,,crash,train,
00610.mp4,21.068,18.431,Normal,Clear,Urban,,crash,train,
00382.mp4,18.258,17.29,Normal,Cloudy,Urban,,crash,train,
00501.mp4,20.296,18.077,Bright,Clear,Urban,,crash,train,
00074.mp4,20.233,18.967,Normal,Clear,Urban,,crash,train,
00236.mp4,9.597,8.898,Dark,Clear,Highway,,crash,train,
00510.mp4,18.633,17.5,Normal,Rain,Urban,,crash,train,
00086.mp4,19.4,15.9,Normal,Cloudy,Highway,,crash,train,
00326.mp4,19.667,19.4,Normal,Clear,Urban,,crash,train,
00266.mp4,20.667,18.933,Normal,Cloudy,Urban,,crash,train,
00463.mp4,20.433,19.333,Dark,Clear,Sub-urban,,crash,train,
00218.mp4,19.65,19.267,Normal,Rain,Urban,,crash,train,
00389.mp4,17.7,17.4,Normal,Cloudy,Urban,,crash,train,
00420.mp4,19.863,19.83,Normal,Cloudy,Urban,,crash,train,
00332.mp4,5.833,5.333,Normal,Clear,Urban,,crash,train,
00157.mp4,19.294,17.596,Normal,Cloudy,Urban,,crash,train,
00076.mp4,19.9,17.8,Normal,Clear,Urban,,crash,train,
00550.mp4,20.1,18.767,Normal,Clear,Other,,crash,train,
00394.mp4,19.532,18.097,Normal,Cloudy,Urban,,crash,train,
00199.mp4,9.225,7.726,Normal,Clear,Sub-urban,,crash,train,
00025.mp4,20.033,18.467,Normal,Rain,Urban,,crash,train,
00422.mp4,20.048,18.546,Normal,Clear,Urban,,crash,train,
00309.mp4,19.233,18.433,Normal,Cloudy,Urban,,crash,train,
00271.mp4,49.633,48.2,Normal,Clear,Highway,,crash,train,
00272.mp4,20.539,18.871,Normal,Clear,Urban,,crash,train,
00062.mp4,18.867,17.8,Normal,Clear,Sub-urban,,crash,train,
00537.mp4,20.418,19.699,Normal,Clear,Urban,,crash,train,
00253.mp4,22.377,21.038,Normal,Cloudy,Other,,crash,train,
00250.mp4,9.16,7.661,Normal,Cloudy,Highway,,crash,train,
00397.mp4,19.533,18.267,Normal,Cloudy,Urban,,crash,train,
00127.mp4,18.117,16.419,Normal,Clear,Urban,,crash,train,
00530.mp4,9.664,9.098,Normal,Cloudy,Highway,,crash,train,
00007.mp4,21.2,19.5,Normal,Cloudy,Urban,,crash,train,
00273.mp4,20.533,19.4,Normal,Rain,Urban,,crash,train,
00183.mp4,19.467,17.8,Normal,Cloudy,Urban,,crash,train,
00265.mp4,20.433,18.067,Normal,Cloudy,Urban,,crash,train,
00428.mp4,16.867,15.467,Normal,Cloudy,Urban,,crash,train,
00474.mp4,19.9,18.233,Twilight,Cloudy,Urban,,crash,train,
00118.mp4,20.333,19.4,Normal,Clear,Urban,,crash,train,
00406.mp4,9.496,8.53,Normal,Rain,Urban,,crash,train,
00121.mp4,19.3,18.733,Normal,Rain,Urban,,crash,train,
00192.mp4,19.5,17.567,Normal,Clear,Urban,,crash,train,
00486.mp4,9.561,7.896,Normal,Cloudy,Urban,,crash,train,
00454.mp4,19.133,16.933,Normal,Clear,Urban,,crash,train,
00104.mp4,20.783,20.133,Normal,Cloudy,Urban,,crash,train,
00043.mp4,9.263,8.863,Normal,Clear,Highway,,crash,train,
00055.mp4,19.133,17.8,Normal,Cloudy,Urban,,crash,train,
00112.mp4,18.967,17.433,Normal,Clear,Urban,,crash,train,
00413.mp4,20.033,18.1,Normal,Cloudy,Urban,,crash,train,
00242.mp4,20.567,19.433,Normal,Cloudy,Urban,,crash,train,
00541.mp4,20.1,19.067,Normal,Cloudy,Urban,,crash,train,
00325.mp4,19.417,18.3,Normal,Cloudy,Urban,,crash,train,
00479.mp4,20.515,19.618,Normal,Cloudy,Sub-urban,,crash,train,
00472.mp4,19.667,18.8,Normal,Rain,Urban,,crash,train,
00523.mp4,20.3,18.133,Normal,Rain,Urban,,crash,train,
00227.mp4,20.067,18.767,Normal,Cloudy,Urban,,crash,train,
00154.mp4,20.333,17.367,Normal,Clear,Urban,,crash,train,
00447.mp4,10.195,8.929,Normal,Clear,Nature,,crash,train,
00500.mp4,19.933,18.633,Normal,Clear,Urban,,crash,train,
00519.mp4,19.567,19.033,Normal,Clear,Urban,,crash,train,
00262.mp4,17.9,13.933,Normal,Clear,Highway,,crash,train,
00391.mp4,19.867,19.267,Normal,Clear,Urban,,crash,train,
00533.mp4,19.767,17.267,Twilight,Clear,Other,,crash,train,
01924.mp4,,,Normal,Clear,Sub-urban,,normal_driving,train,
01429.mp4,,,Normal,Rain,Urban,,normal_driving,train,
01904.mp4,,,Normal,Cloudy,Urban,,normal_driving,train,
01486.mp4,,,Normal,Clear,Urban,,normal_driving,train,
01171.mp4,,,Normal,Clear,Sub-urban,,normal_driving,train,
01518.mp4,,,Normal,Cloudy,Highway,,normal_driving,train,
01889.mp4,,,Normal,Clear,Rural,,normal_driving,train,
01286.mp4,,,Normal,Cloudy,Sub-urban,,normal_driving,train,
01267.mp4,,,Normal,Cloudy,Sub-urban,,normal_driving,train,
01802.mp4,,,Normal,Cloudy,Urban,,normal_driving,train,
01755.mp4,,,Normal,Cloudy,Urban,,normal_driving,train,
02134.mp4,,,Normal,Cloudy,Sub-urban,,normal_driving,train,
01076.mp4,,,Normal,Cloudy,Urban,,normal_driving,train,
01749.mp4,,,Normal,Clear,Highway,,normal_driving,train,
01816.mp4,,,Normal,Cloudy,Sub-urban,,normal_driving,train,
01052.mp4,,,Normal,Cloudy,Urban,,normal_driving,train,
01205.mp4,,,Normal,Clear,Urban,,normal_driving,train,
01579.mp4,,,Normal,Clear,Urban,,normal_driving,train,
01973.mp4,,,Normal,Clear,Highway,,normal_driving,train,
01050.mp4,,,Normal,Clear,Highway,,normal_driving,train,
01204.mp4,,,Normal,Cloudy,Sub-urban,,normal_driving,train,
01505.mp4,,,Normal,Clear,Sub-urban,,normal_driving,train,
01699.mp4,,,Normal,Clear,Urban,,normal_driving,train,
01972.mp4,,,Normal,Clear,Urban,,normal_driving,train,
02083.mp4,,,Normal,Cloudy,Highway,,normal_driving,train,
01162.mp4,,,Normal,Cloudy,Sub-urban,,normal_driving,train,
01438.mp4,,,Normal,Rain,Highway,,normal_driving,train,
01457.mp4,,,Normal,Clear,Sub-urban,,normal_driving,train,
01342.mp4,,,Normal,Cloudy,Highway,,normal_driving,train,
01236.mp4,,,Normal,Clear,Urban,,normal_driving,train,
01303.mp4,,,Normal,Cloudy,Urban,,normal_driving,train,
01250.mp4,,,Normal,Cloudy,Urban,,normal_driving,train,
01291.mp4,,,Normal,Cloudy,Urban,,normal_driving,train,
02013.mp4,,,Normal,Clear,Urban,,normal_driving,train,
01906.mp4,,,Normal,Cloudy,Highway,,normal_driving,train,
01653.mp4,,,Normal,Cloudy,Highway,,normal_driving,train,
01405.mp4,,,Normal,Cloudy,Highway,,normal_driving,train,
01783.mp4,,,Normal,Cloudy,Sub-urban,,normal_driving,train,
01419.mp4,,,Normal,Cloudy,Urban,,normal_driving,train,
01276.mp4,,,Normal,Clear,Urban,,normal_driving,train,
01352.mp4,,,Normal,Clear,Sub-urban,,normal_driving,train,
01425.mp4,,,Normal,Cloudy,Urban,,normal_driving,train,
01797.mp4,,,Normal,Rain,Urban,,normal_driving,train,
01829.mp4,,,Normal,Cloudy,Urban,,normal_driving,train,
01075.mp4,,,Twilight,Rain,Urban,,normal_driving,train,
01869.mp4,,,Normal,Clear,Urban,,normal_driving,train,
01551.mp4,,,Normal,Clear,Highway,,normal_driving,train,
01197.mp4,,,Normal,Clear,Urban,,normal_driving,train,
01468.mp4,,,Normal,Clear,Highway,,normal_driving,train,
02067.mp4,,,Normal,Clear,Urban,,normal_driving,train,
01305.mp4,,,Normal,Clear,Urban,,normal_driving,train,
02026.mp4,,,Normal,Clear,Sub-urban,,normal_driving,train,
02001.mp4,,,Normal,Clear,Sub-urban,,normal_driving,train,
01416.mp4,,,Normal,Cloudy,Urban,,normal_driving,train,
01719.mp4,,,Normal,Clear,Urban,,normal_driving,train,
01103.mp4,,,Normal,Clear,Urban,,normal_driving,train,
01717.mp4,,,Normal,Clear,Highway,,normal_driving,train,
01943.mp4,,,Normal,Cloudy,Urban,,normal_driving,train,
01624.mp4,,,Twilight,Cloudy,Urban,,normal_driving,train,
01523.mp4,,,Twilight,Cloudy,Sub-urban,,normal_driving,train,
01322.mp4,,,Normal,Cloudy,Urban,,normal_driving,train,
01714.mp4,,,Normal,Clear,Sub-urban,,normal_driving,train,
02063.mp4,,,Normal,Clear,Urban,,normal_driving,train,
01728.mp4,,,Normal,Clear,Sub-urban,,normal_driving,train,
02014.mp4,,,Normal,Cloudy,Sub-urban,,normal_driving,train,
01261.mp4,,,Normal,Clear,Urban,,normal_driving,train,
01932.mp4,,,Normal,Cloudy,Urban,,normal_driving,train,
02084.mp4,,,Normal,Clear,Urban,,normal_driving,train,
01041.mp4,,,Normal,Cloudy,Sub-urban,,normal_driving,train,
02011.mp4,,,Normal,Cloudy,Sub-urban,,normal_driving,train,
01791.mp4,,,Normal,Clear,Sub-urban,,normal_driving,train,
01193.mp4,,,Normal,Clear,Rural,,normal_driving,train,
01609.mp4,,,Normal,Clear,Sub-urban,,normal_driving,train,
02049.mp4,,,Dark,Clear,Sub-urban,,normal_driving,train,
01190.mp4,,,Normal,Clear,Urban,,normal_driving,train,
01698.mp4,,,Normal,Cloudy,Highway,,normal_driving,train,
02000.mp4,,,Normal,Rain,Urban,,normal_driving,train,
01607.mp4,,,Normal,Clear,Urban,,normal_driving,train,
01801.mp4,,,Normal,Clear,Sub-urban,,normal_driving,train,
01800.mp4,,,Normal,Clear,Urban,,normal_driving,train,
01341.mp4,,,Normal,Clear,Sub-urban,,normal_driving,train,
01268.mp4,,,Dark,Clear,Highway,,normal_driving,train,
01496.mp4,,,Normal,Cloudy,Other,,normal_driving,train,
01394.mp4,,,Normal,Clear,Urban,,normal_driving,train,
01138.mp4,,,Normal,Clear,Urban,,normal_driving,train,
01942.mp4,,,Dark,Clear,Sub-urban,,normal_driving,train,
01292.mp4,,,Normal,Clear,Highway,,normal_driving,train,
02139.mp4,,,Normal,Clear,Sub-urban,,normal_driving,train,
01600.mp4,,,Normal,Rain,Sub-urban,,normal_driving,train,
01313.mp4,,,Normal,Clear,Urban,,normal_driving,train,
01988.mp4,,,Dark,Clear,Sub-urban,,normal_driving,train,
01679.mp4,,,Normal,Clear,Highway,,normal_driving,train,
01135.mp4,,,Twilight,Clear,Highway,,normal_driving,train,
01321.mp4,,,Normal,Clear,Urban,,normal_driving,train,
02052.mp4,,,Normal,Clear,Sub-urban,,normal_driving,train,
01817.mp4,,,Normal,Clear,Sub-urban,,normal_driving,train,
01219.mp4,,,Normal,Clear,Highway,,normal_driving,train,
02121.mp4,,,Normal,Clear,Sub-urban,,normal_driving,train,
01798.mp4,,,Normal,Clear,Urban,,normal_driving,train,
01601.mp4,,,Normal,Clear,Urban,,normal_driving,train,
01657.mp4,,,Twilight,Clear,Urban,,normal_driving,train,
01289.mp4,,,Normal,Cloudy,Urban,,normal_driving,train,
01953.mp4,,,Normal,Cloudy,Highway,,normal_driving,train,
01647.mp4,,,Normal,Cloudy,Highway,,normal_driving,train,
01084.mp4,,,Normal,Clear,Highway,,normal_driving,train,
01928.mp4,,,Dark,Clear,Highway,,normal_driving,train,
01444.mp4,,,Normal,Clear,Urban,,normal_driving,train,
01570.mp4,,,Normal,Cloudy,Highway,,normal_driving,train,
01578.mp4,,,Normal,Cloudy,Highway,,normal_driving,train,
01631.mp4,,,Normal,Cloudy,Highway,,normal_driving,train,
01765.mp4,,,Normal,Clear,Sub-urban,,normal_driving,train,
01812.mp4,,,Normal,Clear,Urban,,normal_driving,train,
01893.mp4,,,Normal,Rain,Urban,,normal_driving,train,
01726.mp4,,,Normal,Clear,Sub-urban,,normal_driving,train,
01526.mp4,,,Normal,Clear,Urban,,normal_driving,train,
01187.mp4,,,Normal,Cloudy,Urban,,normal_driving,train,
01596.mp4,,,Normal,Cloudy,Sub-urban,,normal_driving,train,
01278.mp4,,,Normal,Clear,Sub-urban,,normal_driving,train,
02089.mp4,,,Normal,Clear,Highway,,normal_driving,train,
01708.mp4,,,Normal,Clear,Urban,,normal_driving,train,
01465.mp4,,,Twilight,Clear,Urban,,normal_driving,train,
01544.mp4,,,Normal,Clear,Sub-urban,,normal_driving,train,
01761.mp4,,,Normal,Clear,Highway,,normal_driving,train,
01070.mp4,,,Normal,Cloudy,Sub-urban,,normal_driving,train,
01414.mp4,,,Normal,Cloudy,Sub-urban,,normal_driving,train,
02039.mp4,,,Normal,Clear,Urban,,normal_driving,train,
02046.mp4,,,Normal,Cloudy,Urban,,normal_driving,train,
01671.mp4,,,Normal,Clear,Urban,,normal_driving,train,
01255.mp4,,,Normal,Clear,Urban,,normal_driving,train,
01963.mp4,,,Normal,Clear,Highway,,normal_driving,train,
01484.mp4,,,Normal,Cloudy,Highway,,normal_driving,train,
01724.mp4,,,Twilight,Cloudy,Highway,,normal_driving,train,
01824.mp4,,,Normal,Cloudy,Highway,,normal_driving,train,
01849.mp4,,,Normal,Clear,Urban,,normal_driving,train,
01538.mp4,,,Normal,Clear,Sub-urban,,normal_driving,train,
01420.mp4,,,Normal,Clear,Highway,,normal_driving,train,
01256.mp4,,,Normal,Clear,Sub-urban,,normal_driving,train,
01649.mp4,,,Normal,Cloudy,Urban,,normal_driving,train,
01839.mp4,,,Normal,Clear,Urban,,normal_driving,train,
01122.mp4,,,Normal,Clear,Urban,,normal_driving,train,
01737.mp4,,,Normal,Clear,Highway,,normal_driving,train,
01390.mp4,,,Normal,Rain,Urban,,normal_driving,train,
01249.mp4,,,Normal,Rain,Highway,,normal_driving,train,
01368.mp4,,,Normal,Clear,Highway,,normal_driving,train,
01871.mp4,,,Normal,Cloudy,Highway,,normal_driving,train,
01687.mp4,,,Normal,Cloudy,Sub-urban,,normal_driving,train,
01294.mp4,,,Normal,Clear,Urban,,normal_driving,train,
01987.mp4,,,Normal,Cloudy,Sub-urban,,normal_driving,train,
01996.mp4,,,Normal,Cloudy,Highway,,normal_driving,train,
01588.mp4,,,Normal,Clear,Sub-urban,,normal_driving,train,
01752.mp4,,,Normal,Clear,Urban,,normal_driving,train,
02016.mp4,,,Normal,Clear,Urban,,normal_driving,train,
01437.mp4,,,Normal,Cloudy,Urban,,normal_driving,train,
01723.mp4,,,Normal,Clear,Rural,,normal_driving,train,
01281.mp4,,,Normal,Clear,Highway,,normal_driving,train,
01696.mp4,,,Normal,Clear,Highway,,normal_driving,train,
01950.mp4,,,Normal,Clear,Urban,,normal_driving,train,
01426.mp4,,,Normal,Cloudy,Sub-urban,,normal_driving,train,
01912.mp4,,,Normal,Cloudy,Other,,normal_driving,train,
01767.mp4,,,Normal,Clear,Urban,,normal_driving,train,
01793.mp4,,,Normal,Cloudy,Urban,,normal_driving,train,
01224.mp4,,,Normal,Clear,Sub-urban,,normal_driving,train,
02040.mp4,,,Normal,Clear,Highway,,normal_driving,train,
01713.mp4,,,Normal,Clear,Highway,,normal_driving,train,
02118.mp4,,,Normal,Clear,Highway,,normal_driving,train,
01640.mp4,,,Twilight,Clear,Highway,,normal_driving,train,
01112.mp4,,,Normal,Clear,Urban,,normal_driving,train,
02105.mp4,,,Normal,Clear,Urban,,normal_driving,train,
01159.mp4,,,Normal,Clear,Sub-urban,,normal_driving,train,
01994.mp4,,,Normal,Clear,Highway,,normal_driving,train,
01324.mp4,,,Normal,Cloudy,Urban,,normal_driving,train,
01887.mp4,,,Normal,Clear,Urban,,normal_driving,train,
01167.mp4,,,Normal,Cloudy,Urban,,normal_driving,train,
02133.mp4,,,Normal,Cloudy,Highway,,normal_driving,train,
01383.mp4,,,Normal,Clear,Highway,,normal_driving,train,
02071.mp4,,,Normal,Clear,Urban,,normal_driving,train,
01870.mp4,,,Normal,Clear,Urban,,normal_driving,train,
02055.mp4,,,Normal,Cloudy,Sub-urban,,normal_driving,train,
02130.mp4,,,Twilight,Clear,Urban,,normal_driving,train,
01090.mp4,,,Twilight,Cloudy,Urban,,normal_driving,train,
01299.mp4,,,Normal,Clear,Sub-urban,,normal_driving,train,
01404.mp4,,,Normal,Clear,Sub-urban,,normal_driving,train,
01574.mp4,,,Normal,Clear,Sub-urban,,normal_driving,train,
01395.mp4,,,Normal,Clear,Urban,,normal_driving,train,
01681.mp4,,,Twilight,Clear,Urban,,normal_driving,train,
01108.mp4,,,Normal,Cloudy,Highway,,normal_driving,train,
01811.mp4,,,Twilight,Clear,Sub-urban,,normal_driving,train,
01693.mp4,,,Normal,Rain,Urban,,normal_driving,train,
01627.mp4,,,Normal,Clear,Sub-urban,,normal_driving,train,
01098.mp4,,,Normal,Clear,Highway,,normal_driving,train,
01448.mp4,,,Twilight,Cloudy,Sub-urban,,normal_driving,train,
01865.mp4,,,Normal,Cloudy,Highway,,normal_driving,train,
01374.mp4,,,Normal,Clear,Highway,,normal_driving,train,
01539.mp4,,,Normal,Clear,Highway,,normal_driving,train,
01541.mp4,,,Normal,Clear,Urban,,normal_driving,train,
02115.mp4,,,Normal,Clear,Highway,,normal_driving,train,
01969.mp4,,,Normal,Clear,Highway,,normal_driving,train,
01810.mp4,,,Normal,Clear,Urban,,normal_driving,train,
01242.mp4,,,Normal,Cloudy,Sub-urban,,normal_driving,train,
01983.mp4,,,Normal,Clear,Urban,,normal_driving,train,
01100.mp4,,,Normal,Cloudy,Sub-urban,,normal_driving,train,
01900.mp4,,,Twilight,Cloudy,Urban,,normal_driving,train,
01603.mp4,,,Normal,Cloudy,Urban,,normal_driving,train,
01740.mp4,,,Normal,Clear,Sub-urban,,normal_driving,train,
01517.mp4,,,Twilight,Clear,Highway,,normal_driving,train,
02033.mp4,,,Normal,Clear,Urban,,normal_driving,train,
01339.mp4,,,Normal,Cloudy,Sub-urban,,normal_driving,train,
01298.mp4,,,Normal,Clear,Sub-urban,,normal_driving,train,
01259.mp4,,,Dark,Clear,Highway,,normal_driving,train,
01629.mp4,,,Normal,Clear,Highway,,normal_driving,train,
02069.mp4,,,Normal,Clear,Sub-urban,,normal_driving,train,
01441.mp4,,,Normal,Clear,Urban,,normal_driving,train,
02114.mp4,,,Normal,Clear,Sub-urban,,normal_driving,train,
01908.mp4,,,Normal,Cloudy,Urban,,normal_driving,train,
02095.mp4,,,Normal,Clear,Urban,,normal_driving,train,
01896.mp4,,,Normal,Clear,Sub-urban,,normal_driving,train,
02075.mp4,,,Normal,Clear,Sub-urban,,normal_driving,train,
01823.mp4,,,Normal,Cloudy,Sub-urban,,normal_driving,train,
01413.mp4,,,Normal,Clear,Urban,,normal_driving,train,
01669.mp4,,,Normal,Cloudy,Sub-urban,,normal_driving,train,
01364.mp4,,,Normal,Clear,Sub-urban,,normal_driving,train,
01558.mp4,,,Normal,Cloudy,Highway,,normal_driving,train,
01235.mp4,,,Normal,Clear,Urban,,normal_driving,train,
01874.mp4,,,Normal,Clear,Highway,,normal_driving,train,
01754.mp4,,,Normal,Clear,Urban,,normal_driving,train,
01461.mp4,,,Normal,Clear,Urban,,normal_driving,train,
01710.mp4,,,Normal,Clear,Urban,,normal_driving,train,
01577.mp4,,,Normal,Clear,Highway,,normal_driving,train,
01081.mp4,,,Normal,Cloudy,Urban,,normal_driving,train,
01326.mp4,,,Normal,Clear,Highway,,normal_driving,train,
01136.mp4,,,Normal,Clear,Highway,,normal_driving,train,
01954.mp4,,,Twilight,Clear,Sub-urban,,normal_driving,train,
01218.mp4,,,Normal,Rain,Urban,,normal_driving,train,
01115.mp4,,,Normal,Clear,Urban,,normal_driving,train,
01114.mp4,,,Twilight,Clear,Highway,,normal_driving,train,
01842.mp4,,,Normal,Clear,Urban,,normal_driving,train,
02041.mp4,,,Normal,Clear,Sub-urban,,normal_driving,train,
01605.mp4,,,Normal,Clear,Urban,,normal_driving,train,
01495.mp4,,,Normal,Clear,Sub-urban,,normal_driving,train,
01557.mp4,,,Normal,Cloudy,Sub-urban,,normal_driving,train,
01234.mp4,,,Normal,Clear,Urban,,normal_driving,train,
01097.mp4,,,Normal,Clear,Highway,,normal_driving,train,
01092.mp4,,,Normal,Clear,Urban,,normal_driving,train,
01583.mp4,,,Normal,Clear,Urban,,normal_driving,train,
01049.mp4,,,Normal,Cloudy,Urban,,normal_driving,train,
01074.mp4,,,Normal,Clear,Urban,,normal_driving,train,
01611.mp4,,,Normal,Clear,Highway,,normal_driving,train,
01638.mp4,,,Twilight,Clear,Sub-urban,,normal_driving,train,
01393.mp4,,,Normal,Clear,Sub-urban,,normal_driving,train,
01564.mp4,,,Normal,Clear,Highway,,normal_driving,train,
01372.mp4,,,Normal,Cloudy,Highway,,normal_driving,train,
01493.mp4,,,Normal,Cloudy,Urban,,normal_driving,train,
01069.mp4,,,Normal,Clear,Sub-urban,,normal_driving,train,
02079.mp4,,,Normal,Clear,Urban,,normal_driving,train,
01722.mp4,,,Twilight,Rain,Urban,,normal_driving,train,
01848.mp4,,,Normal,Clear,Urban,,normal_driving,train,
01756.mp4,,,Normal,Clear,Sub-urban,,normal_driving,train,
01279.mp4,,,Normal,Clear,Sub-urban,,normal_driving,train,
01521.mp4,,,Normal,Clear,Urban,,normal_driving,train,
01890.mp4,,,Normal,Clear,Highway,,normal_driving,train,
02004.mp4,,,Dark,Clear,Highway,,normal_driving,train,
01323.mp4,,,Dark,Clear,Highway,,normal_driving,train,
01377.mp4,,,Normal,Cloudy,Urban,,normal_driving,train,
01400.mp4,,,Twilight,Cloudy,Urban,,normal_driving,train,
02006.mp4,,,Twilight,Clear,Sub-urban,,normal_driving,train,
02042.mp4,,,Normal,Clear,Urban,,normal_driving,train,
01858.mp4,,,Normal,Clear,Urban,,normal_driving,train,
01781.mp4,,,Normal,Cloudy,Highway,,normal_driving,train,
02031.mp4,,,Normal,Cloudy,Urban,,normal_driving,train,
01546.mp4,,,Normal,Clear,Urban,,normal_driving,train,
01528.mp4,,,Normal,Cloudy,Highway,,normal_driving,train,
01343.mp4,,,Normal,Cloudy,Urban,,normal_driving,train,
01386.mp4,,,Normal,Clear,Urban,,normal_driving,train,
02070.mp4,,,Normal,Cloudy,Urban,,normal_driving,train,
01979.mp4,,,Normal,Clear,Urban,,normal_driving,train,
01132.mp4,,,Normal,Cloudy,Urban,,normal_driving,train,
01176.mp4,,,Normal,Clear,Urban,,normal_driving,train,
01750.mp4,,,Normal,Clear,Highway,,normal_driving,train,
02028.mp4,,,Normal,Clear,Sub-urban,,normal_driving,train,
02003.mp4,,,Normal,Clear,Urban,,normal_driving,train,
01655.mp4,,,Normal,Rain,Sub-urban,,normal_driving,train,
01815.mp4,,,Normal,Clear,Urban,,normal_driving,train,
01121.mp4,,,Dark,Clear,Sub-urban,,normal_driving,train,
01147.mp4,,,Normal,Clear,Urban,,normal_driving,train,
01263.mp4,,,Normal,Clear,Highway,,normal_driving,train,
01415.mp4,,,Normal,Cloudy,Sub-urban,,normal_driving,train,
01939.mp4,,,Normal,Clear,Highway,,normal_driving,train,
02007.mp4,,,Normal,Cloudy,Sub-urban,,normal_driving,train,
01536.mp4,,,Normal,Clear,Rural,,normal_driving,train,
01975.mp4,,,Normal,Clear,Sub-urban,,normal_driving,train,
01222.mp4,,,Normal,Rain,Urban,,normal_driving,train,
01211.mp4,,,Normal,Clear,Highway,,normal_driving,train,
01599.mp4,,,Normal,Cloudy,Urban,,normal_driving,train,
01230.mp4,,,Normal,Clear,Sub-urban,,normal_driving,train,
01566.mp4,,,Normal,Rain,Urban,,normal_driving,train,
01361.mp4,,,Normal,Cloudy,Rural,,normal_driving,train,
02111.mp4,,,Normal,Clear,Urban,,normal_driving,train,
02002.mp4,,,Normal,Cloudy,Highway,,normal_driving,train,
01529.mp4,,,Normal,Cloudy,Sub-urban,,normal_driving,train,
01853.mp4,,,Normal,Clear,Urban,,normal_driving,train,
01172.mp4,,,Normal,Clear,Rural,,normal_driving,train,
02097.mp4,,,Normal,Cloudy,Sub-urban,,normal_driving,train,
01072.mp4,,,Normal,Clear,Highway,,normal_driving,train,
01272.mp4,,,Normal,Cloudy,Sub-urban,,normal_driving,train,
01819.mp4,,,Normal,Clear,Highway,,normal_driving,train,
01073.mp4,,,Normal,Cloudy,Sub-urban,,normal_driving,train,
01806.mp4,,,Normal,Cloudy,Sub-urban,,normal_driving,train,
01881.mp4,,,Twilight,Cloudy,Urban,,normal_driving,train,
01977.mp4,,,Normal,Clear,Sub-urban,,normal_driving,train,
01191.mp4,,,Normal,Clear,Urban,,normal_driving,train,
01654.mp4,,,Twilight,Clear,Highway,,normal_driving,train,
01725.mp4,,,Normal,Clear,Urban,,normal_driving,train,
01678.mp4,,,Normal,Clear,Urban,,normal_driving,train,
01660.mp4,,,Normal,Cloudy,Highway,,normal_driving,train,
01913.mp4,,,Twilight,Clear,Sub-urban,,normal_driving,train,
01733.mp4,,,Normal,Cloudy,Highway,,normal_driving,train,
01530.mp4,,,Twilight,Clear,Sub-urban,,normal_driving,train,
01439.mp4,,,Normal,Cloudy,Sub-urban,,normal_driving,train,
01265.mp4,,,Normal,Clear,Urban,,normal_driving,train,
01533.mp4,,,Normal,Clear,Highway,,normal_driving,train,
01705.mp4,,,Dark,Clear,Sub-urban,,normal_driving,train,
01042.mp4,,,Normal,Clear,Highway,,normal_driving,train,
01778.mp4,,,Normal,Clear,Urban,,normal_driving,train,
01423.mp4,,,Normal,Cloudy,Sub-urban,,normal_driving,train,
02108.mp4,,,Normal,Clear,Urban,,normal_driving,train,
01045.mp4,,,Normal,Clear,Highway,,normal_driving,train,
01604.mp4,,,Normal,Clear,Sub-urban,,normal_driving,train,
01206.mp4,,,Normal,Rain,Urban,,normal_driving,train,
01616.mp4,,,Normal,Cloudy,Urban,,normal_driving,train,
01487.mp4,,,Normal,Clear,Sub-urban,,normal_driving,train,
01768.mp4,,,Normal,Clear,Urban,,normal_driving,train,
01388.mp4,,,Normal,Clear,Highway,,normal_driving,train,
01287.mp4,,,Normal,Cloudy,Sub-urban,,normal_driving,train,
01477.mp4,,,Normal,Clear,Urban,,normal_driving,train,
01951.mp4,,,Normal,Cloudy,Highway,,normal_driving,train,
02072.mp4,,,Dark,Clear,Highway,,normal_driving,train,
01617.mp4,,,Normal,Clear,Urban,,normal_driving,train,
01944.mp4,,,Normal,Rain,Urban,,normal_driving,train,
01971.mp4,,,Normal,Clear,Sub-urban,,normal_driving,train,
01165.mp4,,,Normal,Clear,Highway,,normal_driving,train,
01328.mp4,,,Normal,Clear,Urban,,normal_driving,train,
01397.mp4,,,Normal,Clear,Urban,,normal_driving,train,
01840.mp4,,,Normal,Cloudy,Sub-urban,,normal_driving,train,
01311.mp4,,,Normal,Clear,Urban,,normal_driving,train,
01506.mp4,,,Normal,Cloudy,Sub-urban,,normal_driving,train,
01195.mp4,,,Normal,Cloudy,Sub-urban,,normal_driving,train,
01683.mp4,,,Dark,Clear,Sub-urban,,normal_driving,train,
02019.mp4,,,Normal,Cloudy,Industrial,,normal_driving,train,
01634.mp4,,,Dark,Clear,Sub-urban,,normal_driving,train,
01144.mp4,,,Normal,Clear,Industrial,,normal_driving,train,
01807.mp4,,,Twilight,Clear,Urban,,normal_driving,train,
01102.mp4,,,Normal,Clear,Other,,normal_driving,train,
01290.mp4,,,Normal,Cloudy,Highway,,normal_driving,train,
01058.mp4,,,Normal,Clear,Urban,,normal_driving,train,
01525.mp4,,,Twilight,Cloudy,Urban,,normal_driving,train,
01805.mp4,,,Normal,Clear,Highway,,normal_driving,train,
01563.mp4,,,Normal,Clear,Sub-urban,,normal_driving,train,
01071.mp4,,,Normal,Cloudy,Highway,,normal_driving,train,
01606.mp4,,,Normal,Clear,Rural,,normal_driving,train,
01901.mp4,,,Normal,Cloudy,Highway,,normal_driving,train,
01926.mp4,,,Normal,Cloudy,Industrial,,normal_driving,train,
01656.mp4,,,Normal,Clear,Highway,,normal_driving,train,
01970.mp4,,,Normal,Cloudy,Sub-urban,,normal_driving,train,
01488.mp4,,,Normal,Clear,Sub-urban,,normal_driving,train,
01697.mp4,,,Normal,Cloudy,Sub-urban,,normal_driving,train,
01741.mp4,,,Normal,Cloudy,Highway,,normal_driving,train,
01910.mp4,,,Normal,Cloudy,Urban,,normal_driving,train,
01916.mp4,,,Normal,Cloudy,Urban,,normal_driving,train,
01238.mp4,,,Normal,Clear,Urban,,normal_driving,train,
01350.mp4,,,Normal,Clear,Urban,,normal_driving,train,
01843.mp4,,,Normal,Cloudy,Urban,,normal_driving,train,
01131.mp4,,,Normal,Clear,Sub-urban,,normal_driving,train,
01494.mp4,,,Normal,Cloudy,Urban,,normal_driving,train,
01771.mp4,,,Normal,Cloudy,Urban,,normal_driving,train,
01501.mp4,,,Normal,Cloudy,Urban,,normal_driving,train,
01507.mp4,,,Normal,Cloudy,Sub-urban,,normal_driving,train,
02092.mp4,,,Normal,Clear,Sub-urban,,normal_driving,train,
01673.mp4,,,Normal,Cloudy,Sub-urban,,normal_driving,train,
01822.mp4,,,Normal,Cloudy,Sub-urban,,normal_driving,train,
01966.mp4,,,Normal,Clear,Highway,,normal_driving,train,
01079.mp4,,,Normal,Cloudy,Highway,,normal_driving,train,
01491.mp4,,,Normal,Cloudy,Highway,,normal_driving,train,
01584.mp4,,,Normal,Cloudy,Urban,,normal_driving,train,
01384.mp4,,,Normal,Clear,Highway,,normal_driving,train,
01921.mp4,,,Normal,Clear,Urban,,normal_driving,train,
01269.mp4,,,Normal,Clear,Highway,,normal_driving,train,
01463.mp4,,,Normal,Cloudy,Highway,,normal_driving,train,
01772.mp4,,,Normal,Cloudy,Highway,,normal_driving,train,
02102.mp4,,,Twilight,Cloudy,Urban,,normal_driving,train,
01489.mp4,,,Normal,Clear,Sub-urban,,normal_driving,train,
01109.mp4,,,Normal,Clear,Highway,,normal_driving,train,
01293.mp4,,,Normal,Clear,Urban,,normal_driving,train,
01661.mp4,,,Normal,Cloudy,Highway,,normal_driving,train,
01229.mp4,,,Normal,Clear,Other,,normal_driving,train,
01695.mp4,,,Normal,Clear,Sub-urban,,normal_driving,train,
01508.mp4,,,Normal,Clear,Urban,,normal_driving,train,
01639.mp4,,,Dark,Clear,Highway,,normal_driving,train,
01894.mp4,,,Normal,Cloudy,Sub-urban,,normal_driving,train,
01060.mp4,,,Normal,Cloudy,Sub-urban,,normal_driving,train,
01680.mp4,,,Normal,Clear,Urban,,normal_driving,train,
01476.mp4,,,Normal,Cloudy,Highway,,normal_driving,train,
01590.mp4,,,Normal,Clear,Urban,,normal_driving,train,
01470.mp4,,,Normal,Clear,Sub-urban,,normal_driving,train,
01130.mp4,,,Normal,Clear,Urban,,normal_driving,train,
01232.mp4,,,Normal,Cloudy,Highway,,normal_driving,train,
01964.mp4,,,Normal,Clear,Sub-urban,,normal_driving,train,
02018.mp4,,,Normal,Clear,Sub-urban,,normal_driving,train,
02060.mp4,,,Normal,Clear,Sub-urban,,normal_driving,train,
01922.mp4,,,Normal,Clear,Urban,,normal_driving,train,
01537.mp4,,,Normal,Clear,Urban,,normal_driving,train,
01742.mp4,,,Normal,Cloudy,Highway,,normal_driving,train,
01747.mp4,,,Normal,Clear,Sub-urban,,normal_driving,train,
01085.mp4,,,Normal,Clear,Highway,,normal_driving,train,
02126.mp4,,,Normal,Cloudy,Highway,,normal_driving,train,
01066.mp4,,,Normal,Cloudy,Sub-urban,,normal_driving,train,
02027.mp4,,,Normal,Clear,Sub-urban,,normal_driving,train,
01227.mp4,,,Twilight,Clear,Urban,,normal_driving,train,
01960.mp4,,,Normal,Cloudy,Highway,,normal_driving,train,
01067.mp4,,,Normal,Rain,Urban,,normal_driving,train,
01360.mp4,,,Normal,Cloudy,Urban,,normal_driving,train,
01568.mp4,,,Normal,Clear,Highway,,normal_driving,train,
01348.mp4,,,Normal,Clear,Urban,,normal_driving,train,
01736.mp4,,,Normal,Clear,Sub-urban,,normal_driving,train,
01213.mp4,,,Twilight,Clear,Industrial,,normal_driving,train,
02132.mp4,,,Normal,Clear,Urban,,normal_driving,train,
01078.mp4,,,Normal,Clear,Urban,,normal_driving,train,
01980.mp4,,,Normal,Cloudy,Highway,,normal_driving,train,
01258.mp4,,,Normal,Cloudy,Sub-urban,,normal_driving,train,
01399.mp4,,,Normal,Clear,Highway,,normal_driving,train,
01844.mp4,,,Normal,Cloudy,Urban,,normal_driving,train,
01225.mp4,,,Normal,Cloudy,Highway,,normal_driving,train,
01704.mp4,,,Normal,Clear,Urban,,normal_driving,train,
01952.mp4,,,Normal,Cloudy,Highway,,normal_driving,train,
01482.mp4,,,Twilight,Clear,Sub-urban,,normal_driving,train,
01991.mp4,,,Normal,Cloudy,Sub-urban,,normal_driving,train,
01780.mp4,,,Normal,Clear,Urban,,normal_driving,train,
01355.mp4,,,Normal,Cloudy,Urban,,normal_driving,train,
01845.mp4,,,Normal,Clear,Sub-urban,,normal_driving,train,
01707.mp4,,,Normal,Clear,Sub-urban,,normal_driving,train,
01949.mp4,,,Normal,Clear,Sub-urban,,normal_driving,train,
02119.mp4,,,Normal,Cloudy,Sub-urban,,normal_driving,train,
01446.mp4,,,Normal,Clear,Urban,,normal_driving,train,
01379.mp4,,,Normal,Clear,Sub-urban,,normal_driving,train,
01210.mp4,,,Normal,Cloudy,Rural,,normal_driving,train,
01662.mp4,,,Normal,Clear,Highway,,normal_driving,train,
01917.mp4,,,Normal,Cloudy,Urban,,normal_driving,train,
01492.mp4,,,Normal,Cloudy,Urban,,normal_driving,train,
01739.mp4,,,Normal,Clear,Sub-urban,,normal_driving,train,
01632.mp4,,,Normal,Clear,Sub-urban,,normal_driving,train,
02080.mp4,,,Normal,Cloudy,Highway,,normal_driving,train,
01214.mp4,,,Normal,Clear,Urban,,normal_driving,train,
01572.mp4,,,Normal,Cloudy,Urban,,normal_driving,train,
01421.mp4,,,Normal,Cloudy,Urban,,normal_driving,train,
01317.mp4,,,Normal,Clear,Sub-urban,,normal_driving,train,
01763.mp4,,,Normal,Cloudy,Urban,,normal_driving,train,
01433.mp4,,,Normal,Clear,Sub-urban,,normal_driving,train,
01266.mp4,,,Normal,Clear,Urban,,normal_driving,train,
01985.mp4,,,Dark,Clear,Sub-urban,,normal_driving,train,
02053.mp4,,,Normal,Cloudy,Other,,normal_driving,train,
02066.mp4,,,Normal,Cloudy,Urban,,normal_driving,train,
01773.mp4,,,Normal,Clear,Urban,,normal_driving,train,
01716.mp4,,,Normal,Clear,Highway,,normal_driving,train,
01860.mp4,,,Normal,Clear,Highway,,normal_driving,train,
01785.mp4,,,Twilight,Cloudy,Urban,,normal_driving,train,
01888.mp4,,,Twilight,Cloudy,Highway,,normal_driving,train,
02059.mp4,,,Normal,Rain,Urban,,normal_driving,train,
01344.mp4,,,Normal,Clear,Urban,,normal_driving,train,
01500.mp4,,,Normal,Clear,Highway,,normal_driving,train,
02085.mp4,,,Normal,Cloudy,Highway,,normal_driving,train,
02035.mp4,,,Normal,Clear,Urban,,normal_driving,train,
01623.mp4,,,Normal,Clear,Rural,,normal_driving,train,
01088.mp4,,,Twilight,Clear,Sub-urban,,normal_driving,train,
01240.mp4,,,Normal,Clear,Highway,,normal_driving,train,
01408.mp4,,,Dark,Clear,Highway,,normal_driving,train,
01770.mp4,,,Normal,Clear,Urban,,normal_driving,train,
01504.mp4,,,Normal,Clear,Urban,,normal_driving,train,
01061.mp4,,,Normal,Cloudy,Urban,,normal_driving,train,
01270.mp4,,,Normal,Cloudy,Highway,,normal_driving,train,
01277.mp4,,,Normal,Cloudy,Urban,,normal_driving,train,
01141.mp4,,,Dark,Clear,Highway,,normal_driving,train,
01748.mp4,,,Normal,Cloudy,Sub-urban,,normal_driving,train,
01254.mp4,,,Normal,Clear,Sub-urban,,normal_driving,train,
01986.mp4,,,Normal,Clear,Urban,,normal_driving,train,
01548.mp4,,,Normal,Clear,Highway,,normal_driving,train,
02054.mp4,,,Normal,Cloudy,Highway,,normal_driving,train,
01527.mp4,,,Normal,Clear,Urban,,normal_driving,train,
01357.mp4,,,Normal,Clear,Urban,,normal_driving,train,
01690.mp4,,,Normal,Clear,Highway,,normal_driving,train,
02012.mp4,,,Normal,Cloudy,Urban,,normal_driving,train,
01760.mp4,,,Normal,Clear,Highway,,normal_driving,train,
01766.mp4,,,Normal,Clear,Urban,,normal_driving,train,
01207.mp4,,,Normal,Clear,Highway,,normal_driving,train,
01435.mp4,,,Normal,Clear,Sub-urban,,normal_driving,train,
01260.mp4,,,Dark,Clear,Highway,,normal_driving,train,
01140.mp4,,,Normal,Cloudy,Urban,,normal_driving,train,
01134.mp4,,,Normal,Cloudy,Urban,,normal_driving,train,
01990.mp4,,,Normal,Cloudy,Highway,,normal_driving,train,
01586.mp4,,,Normal,Clear,Highway,,normal_driving,train,
01666.mp4,,,Normal,Clear,Urban,,normal_driving,train,
01453.mp4,,,Normal,Cloudy,Industrial,,normal_driving,train,
02088.mp4,,,Normal,Clear,Highway,,normal_driving,train,
01332.mp4,,,Normal,Clear,Urban,,normal_driving,train,
01941.mp4,,,Normal,Clear,Highway,,normal_driving,train,
01282.mp4,,,Normal,Clear,Highway,,normal_driving,train,
01694.mp4,,,Normal,Clear,Urban,,normal_driving,train,
02124.mp4,,,Normal,Clear,Highway,,normal_driving,train,
01875.mp4,,,Normal,Cloudy,Sub-urban,,normal_driving,train,
01706.mp4,,,Normal,Clear,Urban,,normal_driving,train,
01170.mp4,,,Normal,Cloudy,Highway,,normal_driving,train,
01880.mp4,,,Normal,Clear,Sub-urban,,normal_driving,train,
01729.mp4,,,Normal,Clear,Urban,,normal_driving,train,
01795.mp4,,,Normal,Cloudy,Urban,,normal_driving,train,
02064.mp4,,,Normal,Cloudy,Urban,,normal_driving,train,
01096.mp4,,,Normal,Cloudy,Urban,,normal_driving,train,
01380.mp4,,,Normal,Cloudy,Highway,,normal_driving,train,
01434.mp4,,,Normal,Cloudy,Urban,,normal_driving,train,
01664.mp4,,,Normal,Clear,Urban,,normal_driving,train,
01948.mp4,,,Normal,Clear,Sub-urban,,normal_driving,train,
01288.mp4,,,Normal,Cloudy,Sub-urban,,normal_driving,train,
01976.mp4,,,Normal,Clear,Urban,,normal_driving,train,
01792.mp4,,,Normal,Clear,Sub-urban,,normal_driving,train,
01608.mp4,,,Normal,Clear,Rural,,normal_driving,train,
01503.mp4,,,Normal,Cloudy,Sub-urban,,normal_driving,train,
02074.mp4,,,Normal,Clear,Urban,,normal_driving,train,
01396.mp4,,,Normal,Cloudy,Urban,,normal_driving,train,
01645.mp4,,,Normal,Clear,Sub-urban,,normal_driving,train,
02096.mp4,,,Normal,Cloudy,Urban,,normal_driving,train,
02045.mp4,,,Normal,Clear,Urban,,normal_driving,train,
01542.mp4,,,Normal,Cloudy,Urban,,normal_driving,train,
01319.mp4,,,Normal,Cloudy,Highway,,normal_driving,train,
01735.mp4,,,Normal,Clear,Highway,,normal_driving,train,
02136.mp4,,,Normal,Clear,Urban,,normal_driving,train,
01054.mp4,,,Normal,Clear,Sub-urban,,normal_driving,train,
01828.mp4,,,Normal,Clear,Sub-urban,,normal_driving,train,
01417.mp4,,,Normal,Clear,Urban,,normal_driving,train,
02017.mp4,,,Normal,Clear,Highway,,normal_driving,train,
02104.mp4,,,Normal,Clear,Highway,,normal_driving,train,
01510.mp4,,,Normal,Cloudy,Rural,,normal_driving,train,
01753.mp4,,,Normal,Cloudy,Urban,,normal_driving,train,
01630.mp4,,,Normal,Clear,Highway,,normal_driving,train,
01116.mp4,,,Bright,Clear,Urban,,normal_driving,train,
02087.mp4,,,Normal,Clear,Urban,,normal_driving,train,
01532.mp4,,,Normal,Clear,Urban,,normal_driving,train,
01043.mp4,,,Normal,Clear,Sub-urban,,normal_driving,train,
01643.mp4,,,Normal,Cloudy,Urban,,normal_driving,train,
01178.mp4,,,Normal,Cloudy,Sub-urban,,normal_driving,train,
01612.mp4,,,Normal,Clear,Urban,,normal_driving,train,
01182.mp4,,,Dark,Clear,Highway,,normal_driving,train,
01306.mp4,,,Normal,Clear,Industrial,,normal_driving,train,
01878.mp4,,,Dark,Clear,Rural,,normal_driving,train,
02051.mp4,,,Normal,Clear,Urban,,normal_driving,train,
01485.mp4,,,Normal,Cloudy,Sub-urban,,normal_driving,train,
01866.mp4,,,Normal,Clear,Highway,,normal_driving,train,
02062.mp4,,,Normal,Clear,Highway,,normal_driving,train,
01582.mp4,,,Normal,Clear,Highway,,normal_driving,train,
01315.mp4,,,Normal,Clear,Highway,,normal_driving,train,
01702.mp4,,,Normal,Cloudy,Urban,,normal_driving,train,
01550.mp4,,,Normal,Clear,Highway,,normal_driving,train,
01128.mp4,,,Normal,Clear,Urban,,normal_driving,train,
01903.mp4,,,Normal,Clear,Highway,,normal_driving,train,
01333.mp4,,,Normal,Clear,Urban,,normal_driving,train,
01621.mp4,,,Normal,Cloudy,Urban,,normal_driving,train,
01285.mp4,,,Normal,Cloudy,Sub-urban,,normal_driving,train,
02135.mp4,,,Normal,Cloudy,Urban,,normal_driving,train,
02024.mp4,,,Normal,,Other,,normal_driving,train,
01935.mp4,,,Normal,Clear,Highway,,normal_driving,train,
02044.mp4,,,Normal,Clear,Industrial,,normal_driving,train,
01934.mp4,,,Normal,Clear,Highway,,normal_driving,train,
01625.mp4,,,Normal,Clear,Highway,,normal_driving,train,
01882.mp4,,,Normal,Cloudy,Sub-urban,,normal_driving,train,
02034.mp4,,,Normal,Clear,Other,,normal_driving,train,
01146.mp4,,,Dark,Clear,Highway,,normal_driving,train,
01473.mp4,,,Normal,Cloudy,Sub-urban,,normal_driving,train,
01545.mp4,,,Normal,Clear,Urban,,normal_driving,train,
01295.mp4,,,Normal,Clear,Urban,,normal_driving,train,
01456.mp4,,,Normal,Clear,Highway,,normal_driving,train,
01967.mp4,,,Normal,Clear,Urban,,normal_driving,train,
02099.mp4,,,Normal,Cloudy,Sub-urban,,normal_driving,train,
01598.mp4,,,Normal,Cloudy,Urban,,normal_driving,train,
01354.mp4,,,Normal,Clear,Highway,,normal_driving,train,
01933.mp4,,,Normal,Clear,Sub-urban,,normal_driving,train,
01118.mp4,,,Normal,Cloudy,Industrial,,normal_driving,train,
01262.mp4,,,Normal,Clear,Highway,,normal_driving,train,
01194.mp4,,,Normal,Cloudy,Highway,,normal_driving,train,
01835.mp4,,,Normal,Clear,Highway,,normal_driving,train,
01411.mp4,,,Normal,Cloudy,Sub-urban,,normal_driving,train,
01968.mp4,,,Bright,Clear,Highway,,normal_driving,train,
01929.mp4,,,Normal,Clear,Urban,,normal_driving,train,
01879.mp4,,,Normal,Clear,Urban,,normal_driving,train,
01362.mp4,,,Normal,Cloudy,Sub-urban,,normal_driving,train,
01142.mp4,,,Normal,Clear,Highway,,normal_driving,train,
01382.mp4,,,Normal,Cloudy,Highway,,normal_driving,train,
01920.mp4,,,Normal,Clear,Sub-urban,,normal_driving,train,
01585.mp4,,,Normal,Cloudy,Urban,,normal_driving,train,
01955.mp4,,,Normal,Clear,Highway,,normal_driving,train,
01271.mp4,,,Normal,Cloudy,Sub-urban,,normal_driving,train,
01663.mp4,,,Dark,Clear,Urban,,normal_driving,train,
01554.mp4,,,Normal,Clear,Sub-urban,,normal_driving,train,
01834.mp4,,,Normal,Clear,Highway,,normal_driving,train,
01497.mp4,,,Normal,Clear,Urban,,normal_driving,train,
01936.mp4,,,Normal,Cloudy,Highway,,normal_driving,train,
01691.mp4,,,Normal,Clear,Other,,normal_driving,train,
01581.mp4,,,Normal,Clear,Urban,,normal_driving,train,
01095.mp4,,,Normal,Cloudy,Highway,,normal_driving,train,
01511.mp4,,,Normal,Cloudy,Urban,,normal_driving,train,
02037.mp4,,,Normal,Clear,Urban,,normal_driving,train,
01995.mp4,,,Normal,Cloudy,Urban,,normal_driving,train,
01534.mp4,,,Normal,Clear,Urban,,normal_driving,train,
01559.mp4,,,Normal,Clear,Sub-urban,,normal_driving,train,
01846.mp4,,,Normal,Clear,Urban,,normal_driving,train,
01089.mp4,,,Normal,Cloudy,Urban,,normal_driving,train,
01825.mp4,,,Normal,Cloudy,Urban,,normal_driving,train,
01732.mp4,,,Normal,Cloudy,Sub-urban,,normal_driving,train,
02120.mp4,,,Normal,Cloudy,Highway,,normal_driving,train,
01048.mp4,,,Normal,Cloudy,Highway,,normal_driving,train,
01899.mp4,,,Normal,Clear,Highway,,normal_driving,train,
01252.mp4,,,Normal,Clear,Urban,,normal_driving,train,
01173.mp4,,,Normal,Clear,Urban,,normal_driving,train,
01401.mp4,,,Normal,Cloudy,Highway,,normal_driving,train,
01454.mp4,,,Normal,Clear,Urban,,normal_driving,train,
01283.mp4,,,Normal,Cloudy,Highway,,normal_driving,train,
01157.mp4,,,Normal,Clear,Sub-urban,,normal_driving,train,
01499.mp4,,,Normal,Clear,Urban,,normal_driving,train,
01711.mp4,,,Dark,Clear,Urban,,normal_driving,train,
01925.mp4,,,Normal,Cloudy,Urban,,normal_driving,train,
01196.mp4,,,Normal,Clear,Sub-urban,,normal_driving,train,
01365.mp4,,,Twilight,Cloudy,Highway,,normal_driving,train,
01646.mp4,,,Normal,Cloudy,Sub-urban,,normal_driving,train,
01571.mp4,,,Normal,Clear,Urban,,normal_driving,train,
01734.mp4,,,Normal,Cloudy,Highway,,normal_driving,train,
01821.mp4,,,Normal,Clear,Urban,,normal_driving,train,
01046.mp4,,,Normal,Clear,Urban,,normal_driving,train,
01248.mp4,,,Twilight,Clear,Urban,,normal_driving,train,
01062.mp4,,,Bright,Clear,Highway,,normal_driving,train,
01366.mp4,,,Normal,Clear,Other,,normal_driving,train,
01175.mp4,,,Normal,Clear,Highway,,normal_driving,train,
01552.mp4,,,Normal,Clear,Other,,normal_driving,train,
01177.mp4,,,Twilight,Cloudy,Sub-urban,,normal_driving,train,
02129.mp4,,,Twilight,Clear,Urban,,normal_driving,train,
01961.mp4,,,Normal,Clear,Urban,,normal_driving,train,
01885.mp4,,,Normal,Clear,Highway,,normal_driving,train,
01301.mp4,,,Normal,Clear,Other,,normal_driving,train,
01789.mp4,,,Normal,Cloudy,Urban,,normal_driving,train,
01786.mp4,,,Normal,Clear,Urban,,normal_driving,train,
01228.mp4,,,Twilight,Clear,Urban,,normal_driving,train,
01431.mp4,,,Normal,Clear,Highway,,normal_driving,train,
01709.mp4,,,Normal,Clear,Urban,,normal_driving,train,
01685.mp4,,,Normal,Clear,Sub-urban,,normal_driving,train,
01580.mp4,,,Normal,Cloudy,Sub-urban,,normal_driving,train,
01931.mp4,,,Normal,Rain,Sub-urban,,normal_driving,train,
01959.mp4,,,Normal,Cloudy,Highway,,normal_driving,train,
01318.mp4,,,Normal,Cloudy,Industrial,,normal_driving,train,
01827.mp4,,,Normal,Clear,Sub-urban,,normal_driving,train,
01852.mp4,,,Normal,Cloudy,Sub-urban,,normal_driving,train,
01519.mp4,,,Twilight,Clear,Highway,,normal_driving,train,
01094.mp4,,,Twilight,Clear,Highway,,normal_driving,train,
01712.mp4,,,Normal,Cloudy,Sub-urban,,normal_driving,train,
01338.mp4,,,Normal,Clear,Urban,,normal_driving,train,
01614.mp4,,,Normal,Clear,Urban,,normal_driving,train,
02061.mp4,,,Normal,Cloudy,Sub-urban,,normal_driving,train,
01464.mp4,,,Normal,Clear,Urban,,normal_driving,train,
01237.mp4,,,Normal,Clear,Highway,,normal_driving,train,
02032.mp4,,,Normal,Clear,Urban,,normal_driving,train,
02117.mp4,,,Normal,Clear,Urban,,normal_driving,train,
01221.mp4,,,Normal,Clear,Other,,normal_driving,train,
01127.mp4,,,Normal,Clear,Sub-urban,,normal_driving,train,
01864.mp4,,,Normal,Clear,Urban,,normal_driving,train,
01838.mp4,,,Twilight,Clear,Urban,,normal_driving,train,
01387.mp4,,,Twilight,Clear,Urban,,normal_driving,train,
02090.mp4,,,Normal,Rain,Urban,,normal_driving,train,
01998.mp4,,,Normal,Clear,Highway,,normal_driving,train,
01466.mp4,,,Normal,Clear,Sub-urban,,normal_driving,train,
01462.mp4,,,Normal,Cloudy,Highway,,normal_driving,train,
01813.mp4,,,Normal,Cloudy,Highway,,normal_driving,train,
01809.mp4,,,Normal,Cloudy,Sub-urban,,normal_driving,train,
01620.mp4,,,Normal,Cloudy,Sub-urban,,normal_driving,train,
02022.mp4,,,Normal,Clear,Urban,,normal_driving,train,
01635.mp4,,,Normal,Clear,Sub-urban,,normal_driving,train,
01436.mp4,,,Normal,Cloudy,Sub-urban,,normal_driving,train,
01569.mp4,,,Normal,Cloudy,Highway,,normal_driving,train,
01478.mp4,,,Normal,Clear,Urban,,normal_driving,train,
02128.mp4,,,Normal,Clear,Urban,,normal_driving,train,
01498.mp4,,,Normal,Clear,Urban,,normal_driving,train,
01618.mp4,,,Twilight,Clear,Highway,,normal_driving,train,
01445.mp4,,,Normal,Clear,Urban,,normal_driving,train,
01442.mp4,,,Normal,Cloudy,Urban,,normal_driving,train,
01460.mp4,,,Normal,Clear,Highway,,normal_driving,train,
01145.mp4,,,Normal,Cloudy,Urban,,normal_driving,train,
01080.mp4,,,Normal,Clear,Urban,,normal_driving,train,
01156.mp4,,,Normal,Clear,Highway,,normal_driving,train,
01796.mp4,,,Normal,Clear,Urban,,normal_driving,train,
01340.mp4,,,Twilight,Clear,Urban,,normal_driving,train,
01220.mp4,,,Normal,Clear,Highway,,normal_driving,train,
01540.mp4,,,Normal,Clear,Sub-urban,,normal_driving,train,
01452.mp4,,,Normal,Clear,Sub-urban,,normal_driving,train,
01137.mp4,,,Normal,Clear,Urban,,normal_driving,train,
01209.mp4,,,Normal,Clear,Highway,,normal_driving,train,
01257.mp4,,,Normal,Cloudy,Highway,,normal_driving,train,
01189.mp4,,,Normal,Clear,Highway,,normal_driving,train,
01779.mp4,,,Normal,Cloudy,Urban,,normal_driving,train,
01883.mp4,,,Normal,Clear,Highway,,normal_driving,train,
01296.mp4,,,Normal,Clear,Urban,,normal_driving,train,
01459.mp4,,,Dark,Clear,Highway,,normal_driving,train,
01628.mp4,,,Normal,Clear,Highway,,normal_driving,train,
01727.mp4,,,Normal,Cloudy,Urban,,normal_driving,train,
01593.mp4,,,Twilight,Cloudy,Highway,,normal_driving,train,
01449.mp4,,,Dark,Clear,Highway,,normal_driving,train,
01217.mp4,,,Normal,Cloudy,Industrial,,normal_driving,train,
01682.mp4,,,Normal,Clear,Rural,,normal_driving,train,
01720.mp4,,,Normal,Cloudy,Highway,,normal_driving,train,
01589.mp4,,,Normal,Clear,Sub-urban,,normal_driving,train,
01490.mp4,,,Normal,Cloudy,Urban,,normal_driving,train,
01923.mp4,,,Normal,Clear,Urban,,normal_driving,train,
02106.mp4,,,Normal,Rain,Sub-urban,,normal_driving,train,
01111.mp4,,,Normal,Clear,Urban,,normal_driving,train,
01155.mp4,,,Normal,Clear,Urban,,normal_driving,train,
01284.mp4,,,Normal,Clear,Sub-urban,,normal_driving,train,
01440.mp4,,,Normal,Cloudy,Sub-urban,,normal_driving,train,
01302.mp4,,,Normal,Cloudy,Highway,,normal_driving,train,
01402.mp4,,,Normal,Clear,Highway,,normal_driving,train,
01946.mp4,,,Normal,Clear,Sub-urban,,normal_driving,train,
02050.mp4,,,Twilight,Clear,Highway,,normal_driving,train,
01192.mp4,,,Normal,Clear,Urban,,normal_driving,train,
01153.mp4,,,Normal,Cloudy,Sub-urban,,normal_driving,train,
01652.mp4,,,Normal,Cloudy,Urban,,normal_driving,train,
01543.mp4,,,Normal,Cloudy,Highway,,normal_driving,train,
01307.mp4,,,Normal,Clear,Urban,,normal_driving,train,
01309.mp4,,,Normal,Clear,Urban,,normal_driving,train,
01369.mp4,,,Normal,Clear,Sub-urban,,normal_driving,train,
01535.mp4,,,Normal,Clear,Sub-urban,,normal_driving,train,
01799.mp4,,,Normal,Clear,Highway,,normal_driving,train,
01592.mp4,,,Normal,Clear,Urban,,normal_driving,train,
01514.mp4,,,Normal,Clear,Urban,,normal_driving,train,
01334.mp4,,,Normal,Rain,Urban,,normal_driving,train,
02137.mp4,,,Normal,Clear,Highway,,normal_driving,train,
01918.mp4,,,Normal,Clear,Rural,,normal_driving,train,
02048.mp4,,,Normal,Clear,Urban,,normal_driving,train,
01133.mp4,,,Normal,Clear,Sub-urban,,normal_driving,train,
01597.mp4,,,Normal,Clear,Urban,,normal_driving,train,
01040.mp4,,,Normal,Cloudy,Urban,,normal_driving,train,
01356.mp4,,,Normal,Clear,Sub-urban,,normal_driving,train,
01872.mp4,,,Normal,Clear,Urban,,normal_driving,train,
01891.mp4,,,Normal,Clear,Sub-urban,,normal_driving,train,
01346.mp4,,,Normal,Clear,Rural,,normal_driving,train,
01989.mp4,,,Normal,Clear,Urban,,normal_driving,train,
01862.mp4,,,Normal,Clear,Urban,,normal_driving,train,
01992.mp4,,,Normal,Clear,Highway,,normal_driving,train,
01622.mp4,,,Normal,Cloudy,Urban,,normal_driving,train,
02029.mp4,,,Normal,Cloudy,Sub-urban,,normal_driving,train,
01320.mp4,,,Normal,Clear,Urban,,normal_driving,train,
00002.mp4,21.324,20.216,Normal,Clear,Urban,0.5,crash,test,public
00009.mp4,18.385,15.446,Normal,Rain,Highway,0.5,crash,test,public
00020.mp4,19.789,17.928,Normal,Rain,Other,0.5,crash,test,public
00030.mp4,20.232,18.763,Normal,Clear,Urban,0.5,crash,test,public
00035.mp4,20.0,18.867,Normal,Cloudy,Urban,0.5,crash,test,public
00038.mp4,19.467,17.067,Normal,Clear,Urban,0.5,crash,test,public
00045.mp4,19.758,17.581,Normal,Clear,Highway,0.5,crash,test,public
00051.mp4,19.533,16.1,Normal,Clear,Highway,0.5,crash,test,public
00067.mp4,21.667,19.6,Normal,Clear,Sub-urban,0.5,crash,test,public
00070.mp4,18.367,16.467,Normal,Clear,Urban,0.5,crash,test,public
00075.mp4,19.167,18.233,Normal,Clear,Urban,0.5,crash,test,public
00087.mp4,19.8,18.624,Normal,Clear,Urban,0.5,crash,test,public
00091.mp4,19.784,18.054,Normal,Cloudy,Sub-urban,0.5,crash,test,public
00092.mp4,19.92,18.246,Normal,Cloudy,Sub-urban,0.5,crash,test,public
00094.mp4,20.187,17.05,Normal,Clear,Urban,0.5,crash,test,public
00101.mp4,19.767,17.8,Normal,Clear,Urban,0.5,crash,test,public
00107.mp4,19.967,17.611,Normal,Clear,Rural,0.5,crash,test,public
00113.mp4,19.2,17.9,Normal,Clear,Urban,0.5,crash,test,public
00116.mp4,20.16,18.853,Normal,Cloudy,Urban,0.5,crash,test,public
00120.mp4,22.129,21.452,Normal,Clear,Urban,0.5,crash,test,public
00137.mp4,20.717,19.65,Normal,Cloudy,Urban,0.5,crash,test,public
00146.mp4,20.134,17.743,Normal,Clear,Rural,0.5,crash,test,public
00156.mp4,19.6,18.0,Normal,Clear,Urban,0.5,crash,test,public
00159.mp4,19.58,17.837,Normal,Cloudy,Urban,0.5,crash,test,public
00161.mp4,19.8,17.933,Normal,Clear,Highway,0.5,crash,test,public
00176.mp4,19.533,15.6,Normal,Clear,Highway,0.5,crash,test,public
00185.mp4,19.067,18.633,Normal,Clear,Urban,0.5,crash,test,public
00193.mp4,19.967,18.4,Normal,Clear,Urban,0.5,crash,test,public
00196.mp4,20.654,19.286,Normal,Clear,Urban,0.5,crash,test,public
00204.mp4,20.7,20.0,Normal,Cloudy,Urban,0.5,crash,test,public
00211.mp4,19.948,19.612,Normal,Cloudy,Urban,0.5,crash,test,public
00215.mp4,20.033,18.033,Normal,Clear,Highway,0.5,crash,test,public
00219.mp4,20.483,18.033,Normal,Clear,Urban,0.5,crash,test,public
00221.mp4,20.7,19.733,Normal,Clear,Highway,0.5,crash,test,public
00230.mp4,19.633,18.6,Normal,Clear,Urban,0.5,crash,test,public
00231.mp4,19.4,17.867,Normal,Clear,Highway,0.5,crash,test,public
00258.mp4,19.267,19.133,Normal,Clear,Highway,0.5,crash,test,public
00261.mp4,14.147,12.175,Normal,Cloudy,Urban,0.5,crash,test,public
00267.mp4,19.904,17.681,Normal,Rain,Highway,0.5,crash,test,public
00268.mp4,19.1,15.767,Normal,Clear,Other,0.5,crash,test,public
00277.mp4,19.544,18.558,Normal,Clear,Urban,0.5,crash,test,public
00278.mp4,19.983,19.65,Normal,Cloudy,Urban,0.5,crash,test,public
00279.mp4,21.823,19.6,Normal,Clear,Highway,0.5,crash,test,public
00280.mp4,20.8,19.433,Normal,Cloudy,Urban,0.5,crash,test,public
00297.mp4,19.596,18.99,Normal,Cloudy,Urban,0.5,crash,test,public
00299.mp4,19.079,18.479,Normal,Clear,Rural,0.5,crash,test,public
00304.mp4,19.333,18.133,Normal,Cloudy,Urban,0.5,crash,test,public
00305.mp4,19.967,18.0,Normal,Clear,Urban,0.5,crash,test,public
00316.mp4,20.126,17.839,Normal,Clear,Urban,0.5,crash,test,public
00322.mp4,19.5,18.933,Normal,Cloudy,Sub-urban,0.5,crash,test,public
00323.mp4,20.667,17.267,Twilight,Clear,Highway,0.5,crash,test,public
00338.mp4,20.467,19.167,Normal,Cloudy,Urban,0.5,crash,test,public
00346.mp4,19.967,18.867,Normal,Clear,Urban,0.5,crash,test,public
00347.mp4,19.033,19.0,Normal,Clear,Urban,0.5,crash,test,public
00350.mp4,20.967,19.033,Normal,Rain,Urban,0.5,crash,test,public
00374.mp4,19.333,17.5,Normal,Clear,Urban,0.5,crash,test,public
00385.mp4,19.833,18.5,Normal,Clear,Urban,0.5,crash,test,public
00386.mp4,20.5,17.767,Normal,Clear,Highway,0.5,crash,test,public
00390.mp4,19.9,18.767,Normal,Clear,Urban,0.5,crash,test,public
00399.mp4,20.492,19.708,Normal,Cloudy,Urban,0.5,crash,test,public
00400.mp4,20.367,18.9,Normal,Clear,Urban,0.5,crash,test,public
00419.mp4,20.217,19.733,Normal,Cloudy,Urban,0.5,crash,test,public
00421.mp4,20.267,19.499,Normal,Rain,Urban,0.5,crash,test,public
00432.mp4,19.85,19.817,Normal,Clear,Urban,0.5,crash,test,public
00436.mp4,19.852,18.839,Normal,Clear,Urban,0.5,crash,test,public
00439.mp4,19.071,18.85,Normal,Clear,Urban,0.5,crash,test,public
00448.mp4,20.367,19.8,Normal,Cloudy,Urban,0.5,crash,test,public
00451.mp4,20.067,18.567,Normal,Rain,Highway,0.5,crash,test,public
00462.mp4,23.454,21.494,Normal,Clear,Urban,0.5,crash,test,public
00482.mp4,26.852,24.827,Normal,Cloudy,Urban,0.5,crash,test,public
00484.mp4,18.079,16.81,Normal,Clear,Urban,0.5,crash,test,public
00492.mp4,18.401,16.44,Twilight,Clear,Urban,0.5,crash,test,public
00511.mp4,18.47,17.041,Normal,Clear,Urban,0.5,crash,test,public
00535.mp4,20.943,19.048,Normal,Clear,Urban,0.5,crash,test,public
00545.mp4,18.958,17.679,Normal,Clear,Urban,0.5,crash,test,public
00548.mp4,19.267,18.467,Normal,Rain,Urban,0.5,crash,test,public
00559.mp4,20.133,19.067,Normal,Cloudy,Urban,0.5,crash,test,public
00561.mp4,21.021,19.253,Normal,Cloudy,Highway,0.5,crash,test,public
00572.mp4,20.913,19.752,Normal,Clear,Urban,0.5,crash,test,public
00612.mp4,21.202,19.327,Normal,Rain,Urban,0.5,crash,test,public
00619.mp4,21.667,19.167,Normal,Clear,Urban,0.5,crash,test,public
00620.mp4,11.033,8.033,Normal,Clear,Sub-urban,0.5,crash,test,public
00628.mp4,22.467,18.667,Normal,Cloudy,Sub-urban,0.5,crash,test,public
00631.mp4,18.981,16.923,Normal,Clear,Other,0.5,crash,test,public
00649.mp4,19.447,18.725,Normal,Rain,Urban,0.5,crash,test,public
00654.mp4,20.55,19.412,Normal,Cloudy,Urban,0.5,crash,test,public
00681.mp4,20.721,16.583,Twilight,Clear,Sub-urban,0.5,crash,test,public
00689.mp4,20.24,18.67,Normal,Cloudy,Highway,0.5,crash,test,public
00708.mp4,20.283,18.846,Normal,Clear,Highway,0.5,crash,test,public
00711.mp4,20.467,17.7,Normal,Clear,Urban,0.5,crash,test,public
00717.mp4,19.661,18.681,Normal,Cloudy,Highway,0.5,crash,test,public
00720.mp4,18.5,16.933,Normal,Cloudy,Highway,0.5,crash,test,public
00724.mp4,20.367,19.633,Normal,Clear,Sub-urban,0.5,crash,test,public
00726.mp4,16.912,15.476,Dark,Clear,Urban,0.5,crash,test,public
00728.mp4,19.233,16.5,Normal,Clear,Urban,0.5,crash,test,public
00732.mp4,21.233,17.233,Normal,Clear,Highway,0.5,crash,test,public
00738.mp4,20.133,18.233,Normal,Clear,Highway,0.5,crash,test,public
00743.mp4,23.619,20.128,Normal,Clear,Urban,0.5,crash,test,public
00756.mp4,9.628,8.029,Normal,Clear,Industrial,0.5,crash,test,public
00760.mp4,21.833,20.367,Normal,Cloudy,Urban,0.5,crash,test,public
00764.mp4,20.849,18.888,Normal,Cloudy,Rural,0.5,crash,test,public
00767.mp4,19.7,19.047,Normal,Cloudy,Urban,0.5,crash,test,public
00770.mp4,18.933,17.6,Normal,Clear,Sub-urban,0.5,crash,test,public
00772.mp4,21.557,18.029,Normal,Clear,Highway,0.5,crash,test,public
00775.mp4,20.0,18.467,Normal,Cloudy,Urban,0.5,crash,test,public
00778.mp4,20.149,19.363,Normal,Clear,Urban,0.5,crash,test,public
00779.mp4,20.567,18.767,Normal,Clear,Urban,0.5,crash,test,public
00781.mp4,19.53,18.256,Normal,Clear,Highway,0.5,crash,test,public
00799.mp4,19.267,18.033,Normal,Clear,Highway,0.5,crash,test,public
00801.mp4,20.083,17.143,Normal,Cloudy,Urban,0.5,crash,test,public
00806.mp4,19.159,18.045,Normal,Clear,Urban,0.5,crash,test,public
00812.mp4,21.133,19.6,Normal,Clear,Sub-urban,0.5,crash,test,public
00821.mp4,19.3,17.567,Normal,Clear,Urban,0.5,crash,test,public
00829.mp4,16.2,15.033,Normal,Cloudy,Sub-urban,0.5,crash,test,public
00853.mp4,10.095,9.528,Normal,Cloudy,Sub-urban,0.5,crash,test,public
00862.mp4,20.567,19.233,Normal,Clear,Urban,0.5,crash,test,public
00878.mp4,19.686,16.95,Twilight,Clear,Highway,0.5,crash,test,public
00886.mp4,19.067,17.867,Normal,Clear,Highway,0.5,crash,test,public
00892.mp4,19.573,18.07,Normal,Clear,Highway,0.5,crash,test,public
00894.mp4,21.202,18.091,Normal,Clear,Highway,0.5,crash,test,public
00908.mp4,20.227,19.05,Normal,Clear,Highway,0.5,crash,test,public
00920.mp4,20.1,18.567,Twilight,Clear,Urban,0.5,crash,test,public
00925.mp4,20.067,18.567,Normal,Clear,Urban,0.5,crash,test,public
00933.mp4,19.4,18.567,Normal,Clear,Urban,0.5,crash,test,public
00946.mp4,11.13,9.897,Normal,Clear,Highway,0.5,crash,test,public
00962.mp4,20.833,17.967,Dark,Clear,Highway,0.5,crash,test,public
00969.mp4,21.01,19.082,Normal,Clear,Urban,0.5,crash,test,public
00975.mp4,20.1,18.333,Bright,Clear,Highway,0.5,crash,test,public
00984.mp4,19.3,17.133,Normal,Clear,Urban,0.5,crash,test,public
00987.mp4,20.116,18.382,Normal,Clear,Urban,0.5,crash,test,public
00992.mp4,21.033,19.833,Normal,Clear,Other,0.5,crash,test,public
00993.mp4,20.084,17.845,Normal,Clear,Urban,0.5,crash,test,public
00994.mp4,20.267,17.933,Twilight,Clear,Sub-urban,0.5,crash,test,public
01006.mp4,20.2,19.0,Normal,Clear,Urban,0.5,crash,test,public
01007.mp4,10.359,7.928,Normal,Cloudy,Highway,0.5,crash,test,public
01009.mp4,19.2,14.9,Normal,Clear,Sub-urban,0.5,crash,test,public
01010.mp4,19.536,18.49,Normal,Clear,Highway,0.5,crash,test,public
01017.mp4,19.0,17.0,Normal,Clear,Highway,0.5,crash,test,public
01023.mp4,9.962,7.93,Normal,Cloudy,Highway,0.5,crash,test,public
01030.mp4,20.0,18.2,Normal,Cloudy,Urban,0.5,crash,test,public
01032.mp4,19.706,16.797,Normal,Clear,Urban,0.5,crash,test,public
01038.mp4,20.233,16.967,Normal,Cloudy,Highway,0.5,crash,test,public
02146.mp4,20.16,18.853,Normal,Cloudy,Urban,1.0,crash,test,public
02151.mp4,20.227,19.05,Normal,Clear,Highway,1.0,crash,test,public
02155.mp4,18.958,17.679,Normal,Clear,Urban,1.0,crash,test,public
02160.mp4,19.852,18.839,Normal,Clear,Urban,1.0,crash,test,public
02166.mp4,9.628,8.029,Normal,Clear,Industrial,1.0,crash,test,public
02175.mp4,20.849,18.888,Normal,Cloudy,Rural,1.0,crash,test,public
02181.mp4,20.187,17.05,Normal,Clear,Urban,1.0,crash,test,public
02185.mp4,20.084,17.845,Normal,Clear,Urban,1.0,crash,test,public
02190.mp4,20.24,18.67,Normal,Cloudy,Highway,1.0,crash,test,public
02195.mp4,19.58,17.837,Normal,Cloudy,Urban,1.0,crash,test,public
02196.mp4,20.283,18.846,Normal,Clear,Highway,1.0,crash,test,public
02199.mp4,11.033,8.033,Normal,Clear,Sub-urban,1.0,crash,test,public
02200.mp4,19.967,18.0,Normal,Clear,Urban,1.0,crash,test,public
02202.mp4,21.823,19.6,Normal,Clear,Highway,1.0,crash,test,public
02204.mp4,22.467,18.667,Normal,Cloudy,Sub-urban,1.0,crash,test,public
02207.mp4,20.134,17.743,Normal,Clear,Rural,1.0,crash,test,public
02209.mp4,20.913,19.752,Normal,Clear,Urban,1.0,crash,test,public
02212.mp4,18.367,16.467,Normal,Clear,Urban,1.0,crash,test,public
02222.mp4,20.367,18.9,Normal,Clear,Urban,1.0,crash,test,public
02233.mp4,20.067,18.567,Normal,Clear,Urban,1.0,crash,test,public
02234.mp4,20.567,19.233,Normal,Clear,Urban,1.0,crash,test,public
02236.mp4,19.92,18.246,Normal,Cloudy,Sub-urban,1.0,crash,test,public
02238.mp4,19.53,18.256,Normal,Clear,Highway,1.0,crash,test,public
02241.mp4,21.133,19.6,Normal,Clear,Sub-urban,1.0,crash,test,public
02242.mp4,20.232,18.763,Normal,Clear,Urban,1.0,crash,test,public
02243.mp4,26.852,24.827,Normal,Cloudy,Urban,1.0,crash,test,public
02253.mp4,21.033,19.833,Normal,Clear,Other,1.0,crash,test,public
02257.mp4,19.6,18.0,Normal,Clear,Urban,1.0,crash,test,public
02259.mp4,20.8,19.433,Normal,Cloudy,Urban,1.0,crash,test,public
02260.mp4,20.667,17.267,Twilight,Clear,Highway,1.0,crash,test,public
02265.mp4,20.126,17.839,Normal,Clear,Urban,1.0,crash,test,public
02266.mp4,19.3,17.133,Normal,Clear,Urban,1.0,crash,test,public
02270.mp4,19.8,18.624,Normal,Clear,Urban,1.0,crash,test,public
02271.mp4,20.0,18.867,Normal,Cloudy,Urban,1.0,crash,test,public
02276.mp4,19.3,17.567,Normal,Clear,Urban,1.0,crash,test,public
02279.mp4,19.159,18.045,Normal,Clear,Urban,1.0,crash,test,public
02280.mp4,20.967,19.033,Normal,Rain,Urban,1.0,crash,test,public
02282.mp4,18.385,15.446,Normal,Rain,Highway,1.0,crash,test,public
02283.mp4,20.567,18.767,Normal,Clear,Urban,1.0,crash,test,public
02287.mp4,19.758,17.581,Normal,Clear,Highway,1.0,crash,test,public
02297.mp4,19.1,15.767,Normal,Clear,Other,1.0,crash,test,public
02305.mp4,23.454,21.494,Normal,Clear,Urban,1.0,crash,test,public
02306.mp4,19.333,18.133,Normal,Cloudy,Urban,1.0,crash,test,public
02316.mp4,20.133,18.233,Normal,Clear,Highway,1.0,crash,test,public
02319.mp4,19.784,18.054,Normal,Cloudy,Sub-urban,1.0,crash,test,public
02322.mp4,18.401,16.44,Twilight,Clear,Urban,1.0,crash,test,public
02330.mp4,21.557,18.029,Normal,Clear,Highway,1.0,crash,test,public
02335.mp4,21.667,19.167,Normal,Clear,Urban,1.0,crash,test,public
02336.mp4,19.067,17.867,Normal,Clear,Highway,1.0,crash,test,public
02345.mp4,16.912,15.476,Dark,Clear,Urban,1.0,crash,test,public
02354.mp4,19.767,17.8,Normal,Clear,Urban,1.0,crash,test,public
02366.mp4,21.202,18.091,Normal,Clear,Highway,1.0,crash,test,public
02368.mp4,20.233,16.967,Normal,Cloudy,Highway,1.0,crash,test,public
02369.mp4,20.267,17.933,Twilight,Clear,Sub-urban,1.0,crash,test,public
02370.mp4,19.467,17.067,Normal,Clear,Urban,1.0,crash,test,public
02371.mp4,18.933,17.6,Normal,Clear,Sub-urban,1.0,crash,test,public
02373.mp4,20.033,18.033,Normal,Clear,Highway,1.0,crash,test,public
02374.mp4,19.4,17.867,Normal,Clear,Highway,1.0,crash,test,public
02378.mp4,21.324,20.216,Normal,Clear,Urban,1.0,crash,test,public
02379.mp4,18.5,16.933,Normal,Cloudy,Highway,1.0,crash,test,public
02384.mp4,19.904,17.681,Normal,Rain,Highway,1.0,crash,test,public
02385.mp4,20.55,19.412,Normal,Cloudy,Urban,1.0,crash,test,public
02387.mp4,20.067,18.567,Normal,Rain,Highway,1.0,crash,test,public
02391.mp4,19.573,18.07,Normal,Clear,Highway,1.0,crash,test,public
02396.mp4,19.967,17.611,Normal,Clear,Rural,1.0,crash,test,public
02397.mp4,18.079,16.81,Normal,Clear,Urban,1.0,crash,test,public
02401.mp4,19.2,17.9,Normal,Clear,Urban,1.0,crash,test,public
02410.mp4,19.8,17.933,Normal,Clear,Highway,1.0,crash,test,public
02413.mp4,20.0,18.2,Normal,Cloudy,Urban,1.0,crash,test,public
02428.mp4,19.967,18.867,Normal,Clear,Urban,1.0,crash,test,public
02429.mp4,19.833,18.5,Normal,Clear,Urban,1.0,crash,test,public
02433.mp4,20.721,16.583,Twilight,Clear,Sub-urban,1.0,crash,test,public
02434.mp4,19.533,15.6,Normal,Clear,Highway,1.0,crash,test,public
02441.mp4,19.233,16.5,Normal,Clear,Urban,1.0,crash,test,public
02442.mp4,19.686,16.95,Twilight,Clear,Highway,1.0,crash,test,public
02448.mp4,19.267,18.033,Normal,Clear,Highway,1.0,crash,test,public
02454.mp4,20.483,18.033,Normal,Clear,Urban,1.0,crash,test,public
02459.mp4,19.533,16.1,Normal,Clear,Highway,1.0,crash,test,public
02468.mp4,19.706,16.797,Normal,Clear,Urban,1.0,crash,test,public
02472.mp4,10.359,7.928,Normal,Cloudy,Highway,1.0,crash,test,public
02473.mp4,20.943,19.048,Normal,Clear,Urban,1.0,crash,test,public
02474.mp4,21.233,17.233,Normal,Clear,Highway,1.0,crash,test,public
02476.mp4,20.833,17.967,Dark,Clear,Highway,1.0,crash,test,public
02479.mp4,19.0,17.0,Normal,Clear,Highway,1.0,crash,test,public
02482.mp4,21.833,20.367,Normal,Cloudy,Urban,1.0,crash,test,public
02494.mp4,19.967,18.4,Normal,Clear,Urban,1.0,crash,test,public
02495.mp4,11.13,9.897,Normal,Clear,Highway,1.0,crash,test,public
02496.mp4,20.133,19.067,Normal,Cloudy,Urban,1.0,crash,test,public
02499.mp4,20.0,18.467,Normal,Cloudy,Urban,1.0,crash,test,public
02500.mp4,20.2,19.0,Normal,Clear,Urban,1.0,crash,test,public
02501.mp4,16.2,15.033,Normal,Cloudy,Sub-urban,1.0,crash,test,public
02502.mp4,20.083,17.143,Normal,Cloudy,Urban,1.0,crash,test,public
02505.mp4,20.467,19.167,Normal,Cloudy,Urban,1.0,crash,test,public
02509.mp4,19.333,17.5,Normal,Clear,Urban,1.0,crash,test,public
02511.mp4,20.467,17.7,Normal,Clear,Urban,1.0,crash,test,public
02512.mp4,20.1,18.567,Twilight,Clear,Urban,1.0,crash,test,public
02518.mp4,19.789,17.928,Normal,Rain,Other,1.0,crash,test,public
02522.mp4,18.981,16.923,Normal,Clear,Other,1.0,crash,test,public
02533.mp4,21.202,19.327,Normal,Rain,Urban,1.0,crash,test,public
02537.mp4,18.47,17.041,Normal,Clear,Urban,1.0,crash,test,public
02543.mp4,20.717,19.65,Normal,Cloudy,Urban,1.0,crash,test,public
02548.mp4,21.01,19.082,Normal,Clear,Urban,1.0,crash,test,public
02556.mp4,23.619,20.128,Normal,Clear,Urban,1.0,crash,test,public
02557.mp4,19.9,18.767,Normal,Clear,Urban,1.0,crash,test,public
02561.mp4,20.654,19.286,Normal,Clear,Urban,1.0,crash,test,public
02563.mp4,20.1,18.333,Bright,Clear,Highway,1.0,crash,test,public
02566.mp4,14.147,12.175,Normal,Cloudy,Urban,1.0,crash,test,public
02567.mp4,9.962,7.93,Normal,Cloudy,Highway,1.0,crash,test,public
02579.mp4,19.2,14.9,Normal,Clear,Sub-urban,1.0,crash,test,public
02581.mp4,21.667,19.6,Normal,Clear,Sub-urban,1.0,crash,test,public
02582.mp4,21.021,19.253,Normal,Cloudy,Highway,1.0,crash,test,public
02594.mp4,20.116,18.382,Normal,Clear,Urban,1.0,crash,test,public
02595.mp4,19.633,18.6,Normal,Clear,Urban,1.0,crash,test,public
02599.mp4,20.5,17.767,Normal,Clear,Highway,1.0,crash,test,public
02600.mp4,19.536,18.49,Normal,Clear,Highway,1.0,crash,test,public
02608.mp4,20.5,17.767,Normal,Clear,Highway,1.5,crash,test,public
02612.mp4,20.967,19.033,Normal,Rain,Urban,1.5,crash,test,public
02613.mp4,21.021,19.253,Normal,Cloudy,Highway,1.5,crash,test,public
02615.mp4,20.483,18.033,Normal,Clear,Urban,1.5,crash,test,public
02620.mp4,20.849,18.888,Normal,Cloudy,Rural,1.5,crash,test,public
02628.mp4,20.567,18.767,Normal,Clear,Urban,1.5,crash,test,public
02632.mp4,19.573,18.07,Normal,Clear,Highway,1.5,crash,test,public
02635.mp4,20.0,18.2,Normal,Cloudy,Urban,1.5,crash,test,public
02636.mp4,19.333,17.5,Normal,Clear,Urban,1.5,crash,test,public
02639.mp4,21.01,19.082,Normal,Clear,Urban,1.5,crash,test,public
02655.mp4,9.628,8.029,Normal,Clear,Industrial,1.5,crash,test,public
02656.mp4,20.134,17.743,Normal,Clear,Rural,1.5,crash,test,public
02666.mp4,20.267,17.933,Twilight,Clear,Sub-urban,1.5,crash,test,public
02673.mp4,19.2,14.9,Normal,Clear,Sub-urban,1.5,crash,test,public
02674.mp4,18.5,16.933,Normal,Cloudy,Highway,1.5,crash,test,public
02683.mp4,21.233,17.233,Normal,Clear,Highway,1.5,crash,test,public
02686.mp4,19.904,17.681,Normal,Rain,Highway,1.5,crash,test,public
02687.mp4,19.784,18.054,Normal,Cloudy,Sub-urban,1.5,crash,test,public
02691.mp4,26.852,24.827,Normal,Cloudy,Urban,1.5,crash,test,public
02692.mp4,19.233,16.5,Normal,Clear,Urban,1.5,crash,test,public
02693.mp4,20.467,17.7,Normal,Clear,Urban,1.5,crash,test,public
02695.mp4,20.943,19.048,Normal,Clear,Urban,1.5,crash,test,public
02700.mp4,20.084,17.845,Normal,Clear,Urban,1.5,crash,test,public
02702.mp4,19.789,17.928,Normal,Rain,Other,1.5,crash,test,public
02703.mp4,21.823,19.6,Normal,Clear,Highway,1.5,crash,test,public
02708.mp4,19.967,18.0,Normal,Clear,Urban,1.5,crash,test,public
02713.mp4,20.133,18.233,Normal,Clear,Highway,1.5,crash,test,public
02725.mp4,20.067,18.567,Normal,Rain,Highway,1.5,crash,test,public
02730.mp4,23.454,21.494,Normal,Clear,Urban,1.5,crash,test,public
02736.mp4,21.202,19.327,Normal,Rain,Urban,1.5,crash,test,public
02739.mp4,21.667,19.167,Normal,Clear,Urban,1.5,crash,test,public
02741.mp4,19.533,15.6,Normal,Clear,Highway,1.5,crash,test,public
02744.mp4,20.667,17.267,Twilight,Clear,Highway,1.5,crash,test,public
02745.mp4,19.706,16.797,Normal,Clear,Urban,1.5,crash,test,public
02746.mp4,23.619,20.128,Normal,Clear,Urban,1.5,crash,test,public
02747.mp4,19.686,16.95,Twilight,Clear,Highway,1.5,crash,test,public
02749.mp4,19.6,18.0,Normal,Clear,Urban,1.5,crash,test,public
02751.mp4,21.557,18.029,Normal,Clear,Highway,1.5,crash,test,public
02758.mp4,18.981,16.923,Normal,Clear,Other,1.5,crash,test,public
02764.mp4,11.033,8.033,Normal,Clear,Sub-urban,1.5,crash,test,public
02765.mp4,20.083,17.143,Normal,Cloudy,Urban,1.5,crash,test,public
02767.mp4,19.758,17.581,Normal,Clear,Highway,1.5,crash,test,public
02769.mp4,22.467,18.667,Normal,Cloudy,Sub-urban,1.5,crash,test,public
02771.mp4,18.401,16.44,Twilight,Clear,Urban,1.5,crash,test,public
02781.mp4,20.721,16.583,Twilight,Clear,Sub-urban,1.5,crash,test,public
02783.mp4,20.833,17.967,Dark,Clear,Highway,1.5,crash,test,public
02786.mp4,19.4,17.867,Normal,Clear,Highway,1.5,crash,test,public
02787.mp4,19.0,17.0,Normal,Clear,Highway,1.5,crash,test,public
02793.mp4,20.033,18.033,Normal,Clear,Highway,1.5,crash,test,public
02794.mp4,19.3,17.133,Normal,Clear,Urban,1.5,crash,test,public
02800.mp4,19.967,18.4,Normal,Clear,Urban,1.5,crash,test,public
02801.mp4,20.116,18.382,Normal,Clear,Urban,1.5,crash,test,public
02804.mp4,18.385,15.446,Normal,Rain,Highway,1.5,crash,test,public
02807.mp4,20.1,18.567,Twilight,Clear,Urban,1.5,crash,test,public
02809.mp4,20.1,18.333,Bright,Clear,Highway,1.5,crash,test,public
02812.mp4,20.0,18.467,Normal,Cloudy,Urban,1.5,crash,test,public
02816.mp4,21.202,18.091,Normal,Clear,Highway,1.5,crash,test,public
02818.mp4,14.147,12.175,Normal,Cloudy,Urban,1.5,crash,test,public
02828.mp4,18.367,16.467,Normal,Clear,Urban,1.5,crash,test,public
02831.mp4,20.067,18.567,Normal,Clear,Urban,1.5,crash,test,public
02833.mp4,20.126,17.839,Normal,Clear,Urban,1.5,crash,test,public
02836.mp4,19.58,17.837,Normal,Cloudy,Urban,1.5,crash,test,public
02840.mp4,20.24,18.67,Normal,Cloudy,Highway,1.5,crash,test,public
02845.mp4,19.1,15.767,Normal,Clear,Other,1.5,crash,test,public
02854.mp4,19.92,18.246,Normal,Cloudy,Sub-urban,1.5,crash,test,public
02855.mp4,10.359,7.928,Normal,Cloudy,Highway,1.5,crash,test,public
02856.mp4,19.3,17.567,Normal,Clear,Urban,1.5,crash,test,public
02866.mp4,20.187,17.05,Normal,Clear,Urban,1.5,crash,test,public
02868.mp4,19.533,16.1,Normal,Clear,Highway,1.5,crash,test,public
02870.mp4,9.962,7.93,Normal,Cloudy,Highway,1.5,crash,test,public
02873.mp4,19.467,17.067,Normal,Clear,Urban,1.5,crash,test,public
02885.mp4,21.133,19.6,Normal,Clear,Sub-urban,1.5,crash,test,public
02888.mp4,19.767,17.8,Normal,Clear,Urban,1.5,crash,test,public
02889.mp4,19.967,17.611,Normal,Clear,Rural,1.5,crash,test,public
02890.mp4,21.667,19.6,Normal,Clear,Sub-urban,1.5,crash,test,public
02903.mp4,19.8,17.933,Normal,Clear,Highway,1.5,crash,test,public
02915.mp4,20.233,16.967,Normal,Cloudy,Highway,1.5,crash,test,public
01044.mp4,,,Normal,Cloudy,Urban,0.5,normal_driving,test,public
01056.mp4,,,Normal,Clear,Urban,0.5,normal_driving,test,public
01059.mp4,,,Normal,Cloudy,Urban,0.5,normal_driving,test,public
01065.mp4,,,Normal,Clear,Sub-urban,0.5,normal_driving,test,public
01068.mp4,,,Normal,Cloudy,Urban,0.5,normal_driving,test,public
01083.mp4,,,Normal,Cloudy,Urban,0.5,normal_driving,test,public
01101.mp4,,,Normal,Clear,Highway,0.5,normal_driving,test,public
01110.mp4,,,Normal,Clear,Urban,0.5,normal_driving,test,public
01113.mp4,,,Normal,Clear,Sub-urban,0.5,normal_driving,test,public
01125.mp4,,,Normal,Clear,Sub-urban,0.5,normal_driving,test,public
01126.mp4,,,Normal,Clear,Highway,0.5,normal_driving,test,public
01139.mp4,,,Dark,Clear,Other,0.5,normal_driving,test,public
01143.mp4,,,Normal,Clear,Urban,0.5,normal_driving,test,public
01149.mp4,,,Normal,Cloudy,Sub-urban,0.5,normal_driving,test,public
01151.mp4,,,Twilight,Clear,Urban,0.5,normal_driving,test,public
01152.mp4,,,Normal,Clear,Other,0.5,normal_driving,test,public
01154.mp4,,,Dark,Clear,Sub-urban,0.5,normal_driving,test,public
01158.mp4,,,Normal,Clear,Sub-urban,0.5,normal_driving,test,public
01166.mp4,,,Normal,Clear,Rural,0.5,normal_driving,test,public
01169.mp4,,,Dark,Clear,Highway,0.5,normal_driving,test,public
01179.mp4,,,Twilight,Clear,Urban,0.5,normal_driving,test,public
01181.mp4,,,Normal,Clear,Urban,0.5,normal_driving,test,public
01201.mp4,,,Normal,Clear,Rural,0.5,normal_driving,test,public
01203.mp4,,,Twilight,Clear,Sub-urban,0.5,normal_driving,test,public
01208.mp4,,,Normal,Clear,Highway,0.5,normal_driving,test,public
01216.mp4,,,Normal,Cloudy,Industrial,0.5,normal_driving,test,public
01239.mp4,,,Normal,Clear,Urban,0.5,normal_driving,test,public
01244.mp4,,,Normal,Clear,Urban,0.5,normal_driving,test,public
01246.mp4,,,Normal,Cloudy,Sub-urban,0.5,normal_driving,test,public
01247.mp4,,,Normal,Clear,Urban,0.5,normal_driving,test,public
01253.mp4,,,Dark,Clear,Highway,0.5,normal_driving,test,public
01264.mp4,,,Dark,Clear,Sub-urban,0.5,normal_driving,test,public
01274.mp4,,,Normal,Cloudy,Highway,0.5,normal_driving,test,public
01275.mp4,,,Normal,Clear,Highway,0.5,normal_driving,test,public
01297.mp4,,,Normal,Clear,Urban,0.5,normal_driving,test,public
01310.mp4,,,Normal,Clear,Urban,0.5,normal_driving,test,public
01312.mp4,,,Normal,Clear,Sub-urban,0.5,normal_driving,test,public
01316.mp4,,,Normal,Rain,Urban,0.5,normal_driving,test,public
01330.mp4,,,Normal,Clear,Urban,0.5,normal_driving,test,public
01347.mp4,,,Normal,Clear,Urban,0.5,normal_driving,test,public
01353.mp4,,,Normal,Clear,Urban,0.5,normal_driving,test,public
01367.mp4,,,Normal,Clear,Highway,0.5,normal_driving,test,public
01375.mp4,,,Normal,Clear,Highway,0.5,normal_driving,test,public
01389.mp4,,,Normal,Clear,Sub-urban,0.5,normal_driving,test,public
01398.mp4,,,Normal,Clear,Urban,0.5,normal_driving,test,public
01409.mp4,,,Normal,Clear,Urban,0.5,normal_driving,test,public
01410.mp4,,,Normal,Cloudy,Urban,0.5,normal_driving,test,public
01432.mp4,,,Normal,Clear,Sub-urban,0.5,normal_driving,test,public
01450.mp4,,,Normal,Clear,Urban,0.5,normal_driving,test,public
01472.mp4,,,Normal,Clear,Urban,0.5,normal_driving,test,public
01479.mp4,,,Normal,Cloudy,Industrial,0.5,normal_driving,test,public
01480.mp4,,,Normal,Cloudy,Sub-urban,0.5,normal_driving,test,public
01481.mp4,,,Normal,Cloudy,Urban,0.5,normal_driving,test,public
01483.mp4,,,Normal,Clear,Highway,0.5,normal_driving,test,public
01502.mp4,,,Normal,Cloudy,Sub-urban,0.5,normal_driving,test,public
01512.mp4,,,Normal,Cloudy,Highway,0.5,normal_driving,test,public
01513.mp4,,,Normal,Clear,Urban,0.5,normal_driving,test,public
01531.mp4,,,Twilight,Cloudy,Highway,0.5,normal_driving,test,public
01549.mp4,,,Normal,Cloudy,Sub-urban,0.5,normal_driving,test,public
01555.mp4,,,Normal,Clear,Urban,0.5,normal_driving,test,public
01561.mp4,,,Normal,Clear,Urban,0.5,normal_driving,test,public
01565.mp4,,,Normal,Clear,Industrial,0.5,normal_driving,test,public
01567.mp4,,,Normal,Clear,Urban,0.5,normal_driving,test,public
01575.mp4,,,Normal,Clear,Sub-urban,0.5,normal_driving,test,public
01576.mp4,,,Normal,Cloudy,Highway,0.5,normal_driving,test,public
01610.mp4,,,Normal,Clear,Urban,0.5,normal_driving,test,public
01633.mp4,,,Normal,Clear,Urban,0.5,normal_driving,test,public
01636.mp4,,,Dark,Clear,Sub-urban,0.5,normal_driving,test,public
01644.mp4,,,Normal,Clear,Sub-urban,0.5,normal_driving,test,public
01648.mp4,,,Normal,Cloudy,Highway,0.5,normal_driving,test,public
01650.mp4,,,Normal,Rain,Urban,0.5,normal_driving,test,public
01651.mp4,,,Normal,Cloudy,Highway,0.5,normal_driving,test,public
01668.mp4,,,Normal,Cloudy,Urban,0.5,normal_driving,test,public
01672.mp4,,,Normal,Cloudy,Highway,0.5,normal_driving,test,public
01675.mp4,,,Normal,Clear,Urban,0.5,normal_driving,test,public
01676.mp4,,,Normal,Clear,Urban,0.5,normal_driving,test,public
01677.mp4,,,Normal,Clear,Sub-urban,0.5,normal_driving,test,public
01686.mp4,,,Normal,Clear,Highway,0.5,normal_driving,test,public
01688.mp4,,,Normal,Cloudy,Urban,0.5,normal_driving,test,public
01692.mp4,,,Normal,Cloudy,Sub-urban,0.5,normal_driving,test,public
01715.mp4,,,Normal,Cloudy,Highway,0.5,normal_driving,test,public
01731.mp4,,,Normal,Cloudy,Sub-urban,0.5,normal_driving,test,public
01744.mp4,,,Normal,Cloudy,Highway,0.5,normal_driving,test,public
01745.mp4,,,Normal,Clear,Highway,0.5,normal_driving,test,public
01751.mp4,,,Dark,Clear,Industrial,0.5,normal_driving,test,public
01758.mp4,,,Normal,Clear,Urban,0.5,normal_driving,test,public
01764.mp4,,,Normal,Clear,Urban,0.5,normal_driving,test,public
01769.mp4,,,Normal,Clear,Urban,0.5,normal_driving,test,public
01774.mp4,,,Normal,Clear,Other,0.5,normal_driving,test,public
01777.mp4,,,Normal,Rain,Urban,0.5,normal_driving,test,public
01782.mp4,,,Normal,Clear,Sub-urban,0.5,normal_driving,test,public
01794.mp4,,,Normal,Cloudy,Urban,0.5,normal_driving,test,public
01804.mp4,,,Normal,Cloudy,Highway,0.5,normal_driving,test,public
01808.mp4,,,Normal,Clear,Highway,0.5,normal_driving,test,public
01814.mp4,,,Normal,Clear,Highway,0.5,normal_driving,test,public
01820.mp4,,,Normal,Clear,Highway,0.5,normal_driving,test,public
01826.mp4,,,Normal,Clear,Urban,0.5,normal_driving,test,public
01831.mp4,,,Normal,Cloudy,Urban,0.5,normal_driving,test,public
01836.mp4,,,Normal,Clear,Sub-urban,0.5,normal_driving,test,public
01854.mp4,,,Normal,Clear,Urban,0.5,normal_driving,test,public
01855.mp4,,,Normal,Cloudy,Sub-urban,0.5,normal_driving,test,public
01856.mp4,,,Normal,Cloudy,Highway,0.5,normal_driving,test,public
01859.mp4,,,Normal,Cloudy,Urban,0.5,normal_driving,test,public
01861.mp4,,,Normal,Clear,Urban,0.5,normal_driving,test,public
01863.mp4,,,Normal,Clear,Urban,0.5,normal_driving,test,public
01873.mp4,,,Twilight,Clear,Highway,0.5,normal_driving,test,public
01876.mp4,,,Twilight,Clear,Urban,0.5,normal_driving,test,public
01877.mp4,,,Normal,Clear,Highway,0.5,normal_driving,test,public
01886.mp4,,,Normal,Cloudy,Highway,0.5,normal_driving,test,public
01895.mp4,,,Normal,Clear,Highway,0.5,normal_driving,test,public
01898.mp4,,,Normal,Clear,Highway,0.5,normal_driving,test,public
01902.mp4,,,Normal,Cloudy,Sub-urban,0.5,normal_driving,test,public
01905.mp4,,,Normal,Clear,Urban,0.5,normal_driving,test,public
01907.mp4,,,Normal,Clear,Highway,0.5,normal_driving,test,public
01927.mp4,,,Normal,Cloudy,Sub-urban,0.5,normal_driving,test,public
01938.mp4,,,Normal,Clear,Highway,0.5,normal_driving,test,public
01940.mp4,,,Normal,Clear,Urban,0.5,normal_driving,test,public
01945.mp4,,,Normal,Cloudy,Other,0.5,normal_driving,test,public
01947.mp4,,,Normal,Clear,Sub-urban,0.5,normal_driving,test,public
01956.mp4,,,Twilight,Clear,Sub-urban,0.5,normal_driving,test,public
01965.mp4,,,Normal,Rain,Urban,0.5,normal_driving,test,public
01974.mp4,,,Normal,Clear,Urban,0.5,normal_driving,test,public
01982.mp4,,,Normal,Clear,Urban,0.5,normal_driving,test,public
01984.mp4,,,Normal,Clear,Sub-urban,0.5,normal_driving,test,public
01993.mp4,,,Normal,Clear,Sub-urban,0.5,normal_driving,test,public
01997.mp4,,,Normal,Clear,Highway,0.5,normal_driving,test,public
02008.mp4,,,Normal,Cloudy,Urban,0.5,normal_driving,test,public
02010.mp4,,,Normal,Clear,Urban,0.5,normal_driving,test,public
02043.mp4,,,Normal,Cloudy,Urban,0.5,normal_driving,test,public
02047.mp4,,,Normal,Clear,Sub-urban,0.5,normal_driving,test,public
02057.mp4,,,Normal,Clear,Highway,0.5,normal_driving,test,public
02065.mp4,,,Normal,Cloudy,Highway,0.5,normal_driving,test,public
02068.mp4,,,Normal,Cloudy,Sub-urban,0.5,normal_driving,test,public
02073.mp4,,,Normal,Clear,Urban,0.5,normal_driving,test,public
02082.mp4,,,Normal,Clear,Urban,0.5,normal_driving,test,public
02091.mp4,,,Normal,Clear,Sub-urban,0.5,normal_driving,test,public
02093.mp4,,,Normal,Clear,Sub-urban,0.5,normal_driving,test,public
02098.mp4,,,Twilight,Clear,Sub-urban,0.5,normal_driving,test,public
02101.mp4,,,Normal,Clear,Highway,0.5,normal_driving,test,public
02107.mp4,,,Normal,Cloudy,Highway,0.5,normal_driving,test,public
02109.mp4,,,Normal,Clear,Urban,0.5,normal_driving,test,public
02123.mp4,,,Normal,Cloudy,Sub-urban,0.5,normal_driving,test,public
02140.mp4,,,Normal,Clear,Urban,1.0,normal_driving,test,public
02141.mp4,,,Normal,Clear,Urban,1.0,normal_driving,test,public
02142.mp4,,,Normal,Clear,Sub-urban,1.0,normal_driving,test,public
02143.mp4,,,Normal,Clear,Highway,1.0,normal_driving,test,public
02150.mp4,,,Normal,Rain,Urban,1.0,normal_driving,test,public
02152.mp4,,,Normal,Clear,Sub-urban,1.0,normal_driving,test,public
02153.mp4,,,Normal,Cloudy,Industrial,1.0,normal_driving,test,public
02157.mp4,,,Normal,Cloudy,Highway,1.0,normal_driving,test,public
02158.mp4,,,Normal,Clear,Urban,1.0,normal_driving,test,public
02162.mp4,,,Normal,Cloudy,Urban,1.0,normal_driving,test,public
02164.mp4,,,Normal,Clear,Urban,1.0,normal_driving,test,public
02165.mp4,,,Normal,Cloudy,Sub-urban,1.0,normal_driving,test,public
02167.mp4,,,Normal,Clear,Urban,1.0,normal_driving,test,public
02169.mp4,,,Normal,Cloudy,Highway,1.0,normal_driving,test,public
02170.mp4,,,Normal,Clear,Sub-urban,1.0,normal_driving,test,public
02176.mp4,,,Normal,Cloudy,Sub-urban,1.0,normal_driving,test,public
02177.mp4,,,Normal,Clear,Sub-urban,1.0,normal_driving,test,public
02178.mp4,,,Normal,Cloudy,Highway,1.0,normal_driving,test,public
02184.mp4,,,Normal,Cloudy,Sub-urban,1.0,normal_driving,test,public
02187.mp4,,,Normal,Clear,Urban,1.0,normal_driving,test,public
02188.mp4,,,Normal,Clear,Urban,1.0,normal_driving,test,public
02193.mp4,,,Normal,Clear,Sub-urban,1.0,normal_driving,test,public
02197.mp4,,,Dark,Clear,Other,1.0,normal_driving,test,public
02205.mp4,,,Normal,Clear,Sub-urban,1.0,normal_driving,test,public
02208.mp4,,,Normal,Clear,Urban,1.0,normal_driving,test,public
02211.mp4,,,Normal,Clear,Rural,1.0,normal_driving,test,public
02214.mp4,,,Normal,Cloudy,Sub-urban,1.0,normal_driving,test,public
02215.mp4,,,Dark,Clear,Highway,1.0,normal_driving,test,public
02216.mp4,,,Dark,Clear,Sub-urban,1.0,normal_driving,test,public
02218.mp4,,,Normal,Clear,Highway,1.0,normal_driving,test,public
02230.mp4,,,Normal,Clear,Urban,1.0,normal_driving,test,public
02237.mp4,,,Twilight,Clear,Highway,1.0,normal_driving,test,public
02245.mp4,,,Normal,Clear,Urban,1.0,normal_driving,test,public
02250.mp4,,,Normal,Clear,Urban,1.0,normal_driving,test,public
02254.mp4,,,Normal,Cloudy,Highway,1.0,normal_driving,test,public
02255.mp4,,,Normal,Clear,Urban,1.0,normal_driving,test,public
02261.mp4,,,Normal,Clear,Highway,1.0,normal_driving,test,public
02262.mp4,,,Normal,Clear,Urban,1.0,normal_driving,test,public
02267.mp4,,,Normal,Clear,Urban,1.0,normal_driving,test,public
02273.mp4,,,Twilight,Clear,Urban,1.0,normal_driving,test,public
02278.mp4,,,Normal,Clear,Urban,1.0,normal_driving,test,public
02289.mp4,,,Normal,Clear,Urban,1.0,normal_driving,test,public
02290.mp4,,,Normal,Cloudy,Sub-urban,1.0,normal_driving,test,public
02292.mp4,,,Normal,Clear,Urban,1.0,normal_driving,test,public
02299.mp4,,,Normal,Clear,Sub-urban,1.0,normal_driving,test,public
02303.mp4,,,Normal,Cloudy,Sub-urban,1.0,normal_driving,test,public
02310.mp4,,,Normal,Clear,Highway,1.0,normal_driving,test,public
02317.mp4,,,Normal,Clear,Urban,1.0,normal_driving,test,public
02320.mp4,,,Normal,Clear,Sub-urban,1.0,normal_driving,test,public
02323.mp4,,,Normal,Cloudy,Urban,1.0,normal_driving,test,public
02331.mp4,,,Normal,Cloudy,Highway,1.0,normal_driving,test,public
02333.mp4,,,Normal,Cloudy,Highway,1.0,normal_driving,test,public
02339.mp4,,,Normal,Clear,Industrial,1.0,normal_driving,test,public
02343.mp4,,,Normal,Clear,Urban,1.0,normal_driving,test,public
02347.mp4,,,Normal,Clear,Rural,1.0,normal_driving,test,public
02348.mp4,,,Normal,Clear,Urban,1.0,normal_driving,test,public
02350.mp4,,,Normal,Rain,Urban,1.0,normal_driving,test,public
02351.mp4,,,Normal,Clear,Urban,1.0,normal_driving,test,public
02357.mp4,,,Normal,Clear,Urban,1.0,normal_driving,test,public
02359.mp4,,,Twilight,Clear,Urban,1.0,normal_driving,test,public
02361.mp4,,,Normal,Clear,Highway,1.0,normal_driving,test,public
02363.mp4,,,Normal,Cloudy,Highway,1.0,normal_driving,test,public
02375.mp4,,,Normal,Clear,Sub-urban,1.0,normal_driving,test,public
02377.mp4,,,Normal,Clear,Highway,1.0,normal_driving,test,public
02382.mp4,,,Twilight,Clear,Sub-urban,1.0,normal_driving,test,public
02386.mp4,,,Normal,Clear,Sub-urban,1.0,normal_driving,test,public
02389.mp4,,,Normal,Cloudy,Sub-urban,1.0,normal_driving,test,public
02398.mp4,,,Normal,Clear,Highway,1.0,normal_driving,test,public
02400.mp4,,,Normal,Cloudy,Highway,1.0,normal_driving,test,public
02403.mp4,,,Normal,Clear,Urban,1.0,normal_driving,test,public
02405.mp4,,,Normal,Cloudy,Urban,1.0,normal_driving,test,public
02406.mp4,,,Normal,Cloudy,Urban,1.0,normal_driving,test,public
02411.mp4,,,Normal,Cloudy,Industrial,1.0,normal_driving,test,public
02435.mp4,,,Normal,Cloudy,Sub-urban,1.0,normal_driving,test,public
02449.mp4,,,Normal,Clear,Highway,1.0,normal_driving,test,public
02451.mp4,,,Dark,Clear,Sub-urban,1.0,normal_driving,test,public
02452.mp4,,,Normal,Clear,Highway,1.0,normal_driving,test,public
02458.mp4,,,Normal,Clear,Highway,1.0,normal_driving,test,public
02461.mp4,,,Normal,Clear,Urban,1.0,normal_driving,test,public
02463.mp4,,,Normal,Cloudy,Sub-urban,1.0,normal_driving,test,public
02467.mp4,,,Normal,Clear,Sub-urban,1.0,normal_driving,test,public
02475.mp4,,,Normal,Clear,Other,1.0,normal_driving,test,public
02477.mp4,,,Normal,Clear,Urban,1.0,normal_driving,test,public
02478.mp4,,,Normal,Clear,Highway,1.0,normal_driving,test,public
02484.mp4,,,Twilight,Cloudy,Highway,1.0,normal_driving,test,public
02490.mp4,,,Dark,Clear,Highway,1.0,normal_driving,test,public
02491.mp4,,,Normal,Cloudy,Urban,1.0,normal_driving,test,public
02493.mp4,,,Normal,Clear,Urban,1.0,normal_driving,test,public
02497.mp4,,,Normal,Clear,Urban,1.0,normal_driving,test,public
02498.mp4,,,Normal,Cloudy,Highway,1.0,normal_driving,test,public
02503.mp4,,,Normal,Clear,Highway,1.0,normal_driving,test,public
02510.mp4,,,Normal,Clear,Urban,1.0,normal_driving,test,public
02515.mp4,,,Normal,Cloudy,Urban,1.0,normal_driving,test,public
02517.mp4,,,Normal,Rain,Urban,1.0,normal_driving,test,public
02524.mp4,,,Normal,Cloudy,Sub-urban,1.0,normal_driving,test,public
02530.mp4,,,Normal,Clear,Highway,1.0,normal_driving,test,public
02534.mp4,,,Normal,Cloudy,Urban,1.0,normal_driving,test,public
02538.mp4,,,Normal,Rain,Urban,1.0,normal_driving,test,public
02539.mp4,,,Normal,Clear,Urban,1.0,normal_driving,test,public
02540.mp4,,,Normal,Clear,Urban,1.0,normal_driving,test,public
02541.mp4,,,Dark,Clear,Sub-urban,1.0,normal_driving,test,public
02544.mp4,,,Normal,Clear,Other,1.0,normal_driving,test,public
02545.mp4,,,Normal,Clear,Highway,1.0,normal_driving,test,public
02555.mp4,,,Normal,Cloudy,Sub-urban,1.0,normal_driving,test,public
02562.mp4,,,Twilight,Clear,Sub-urban,1.0,normal_driving,test,public
02565.mp4,,,Normal,Clear,Sub-urban,1.0,normal_driving,test,public
02568.mp4,,,Normal,Cloudy,Urban,1.0,normal_driving,test,public
02572.mp4,,,Normal,Cloudy,Urban,1.0,normal_driving,test,public
02573.mp4,,,Normal,Cloudy,Highway,1.0,normal_driving,test,public
02576.mp4,,,Normal,Clear,Urban,1.0,normal_driving,test,public
02583.mp4,,,Normal,Clear,Sub-urban,1.0,normal_driving,test,public
02587.mp4,,,Normal,Clear,Sub-urban,1.0,normal_driving,test,public
02588.mp4,,,Normal,Clear,Urban,1.0,normal_driving,test,public
02591.mp4,,,Normal,Clear,Urban,1.0,normal_driving,test,public
02592.mp4,,,Normal,Cloudy,Other,1.0,normal_driving,test,public
02603.mp4,,,Normal,Clear,Highway,1.0,normal_driving,test,public
02609.mp4,,,Normal,Clear,Urban,1.5,normal_driving,test,public
02617.mp4,,,Normal,Cloudy,Urban,1.5,normal_driving,test,public
02618.mp4,,,Normal,Clear,Urban,1.5,normal_driving,test,public
02621.mp4,,,Normal,Clear,Rural,1.5,normal_driving,test,public
02623.mp4,,,Normal,Cloudy,Highway,1.5,normal_driving,test,public
02624.mp4,,,Normal,Clear,Industrial,1.5,normal_driving,test,public
02630.mp4,,,Normal,Clear,Urban,1.5,normal_driving,test,public
02631.mp4,,,Dark,Clear,Other,1.5,normal_driving,test,public
02634.mp4,,,Normal,Cloudy,Industrial,1.5,normal_driving,test,public
02640.mp4,,,Normal,Cloudy,Urban,1.5,normal_driving,test,public
02641.mp4,,,Normal,Clear,Urban,1.5,normal_driving,test,public
02646.mp4,,,Normal,Clear,Sub-urban,1.5,normal_driving,test,public
02652.mp4,,,Normal,Clear,Highway,1.5,normal_driving,test,public
02662.mp4,,,Normal,Clear,Urban,1.5,normal_driving,test,public
02664.mp4,,,Normal,Clear,Urban,1.5,normal_driving,test,public
02668.mp4,,,Normal,Clear,Other,1.5,normal_driving,test,public
02672.mp4,,,Normal,Clear,Urban,1.5,normal_driving,test,public
02681.mp4,,,Normal,Cloudy,Sub-urban,1.5,normal_driving,test,public
02685.mp4,,,Normal,Clear,Urban,1.5,normal_driving,test,public
02688.mp4,,,Twilight,Clear,Highway,1.5,normal_driving,test,public
02689.mp4,,,Normal,Clear,Urban,1.5,normal_driving,test,public
02690.mp4,,,Normal,Cloudy,Highway,1.5,normal_driving,test,public
02694.mp4,,,Normal,Clear,Sub-urban,1.5,normal_driving,test,public
02696.mp4,,,Normal,Clear,Highway,1.5,normal_driving,test,public
02699.mp4,,,Twilight,Clear,Sub-urban,1.5,normal_driving,test,public
02704.mp4,,,Normal,Cloudy,Highway,1.5,normal_driving,test,public
02710.mp4,,,Normal,Cloudy,Urban,1.5,normal_driving,test,public
02714.mp4,,,Normal,Clear,Highway,1.5,normal_driving,test,public
02716.mp4,,,Normal,Cloudy,Other,1.5,normal_driving,test,public
02724.mp4,,,Normal,Cloudy,Urban,1.5,normal_driving,test,public
02727.mp4,,,Normal,Rain,Urban,1.5,normal_driving,test,public
02728.mp4,,,Normal,Clear,Urban,1.5,normal_driving,test,public
02729.mp4,,,Normal,Clear,Urban,1.5,normal_driving,test,public
02732.mp4,,,Normal,Clear,Sub-urban,1.5,normal_driving,test,public
02733.mp4,,,Normal,Cloudy,Sub-urban,1.5,normal_driving,test,public
02734.mp4,,,Normal,Clear,Sub-urban,1.5,normal_driving,test,public
02740.mp4,,,Normal,Clear,Urban,1.5,normal_driving,test,public
02753.mp4,,,Normal,Clear,Highway,1.5,normal_driving,test,public
02755.mp4,,,Normal,Clear,Sub-urban,1.5,normal_driving,test,public
02763.mp4,,,Normal,Clear,Highway,1.5,normal_driving,test,public
02770.mp4,,,Normal,Clear,Urban,1.5,normal_driving,test,public
02774.mp4,,,Normal,Clear,Highway,1.5,normal_driving,test,public
02791.mp4,,,Normal,Clear,Urban,1.5,normal_driving,test,public
02797.mp4,,,Normal,Clear,Sub-urban,1.5,normal_driving,test,public
02798.mp4,,,Normal,Clear,Sub-urban,1.5,normal_driving,test,public
02805.mp4,,,Normal,Clear,Urban,1.5,normal_driving,test,public
02811.mp4,,,Normal,Clear,Sub-urban,1.5,normal_driving,test,public
02815.mp4,,,Dark,Clear,Highway,1.5,normal_driving,test,public
02821.mp4,,,Normal,Cloudy,Highway,1.5,normal_driving,test,public
02822.mp4,,,Normal,Clear,Urban,1.5,normal_driving,test,public
02823.mp4,,,Normal,Clear,Other,1.5,normal_driving,test,public
02826.mp4,,,Twilight,Clear,Urban,1.5,normal_driving,test,public
02827.mp4,,,Normal,Clear,Urban,1.5,normal_driving,test,public
02829.mp4,,,Normal,Cloudy,Sub-urban,1.5,normal_driving,test,public
02832.mp4,,,Normal,Cloudy,Urban,1.5,normal_driving,test,public
02846.mp4,,,Normal,Cloudy,Sub-urban,1.5,normal_driving,test,public
02848.mp4,,,Normal,Clear,Highway,1.5,normal_driving,test,public
02851.mp4,,,Dark,Clear,Sub-urban,1.5,normal_driving,test,public
02853.mp4,,,Normal,Cloudy,Urban,1.5,normal_driving,test,public
02857.mp4,,,Normal,Clear,Highway,1.5,normal_driving,test,public
02858.mp4,,,Normal,Clear,Highway,1.5,normal_driving,test,public
02859.mp4,,,Normal,Clear,Highway,1.5,normal_driving,test,public
02860.mp4,,,Normal,Clear,Urban,1.5,normal_driving,test,public
02862.mp4,,,Normal,Cloudy,Sub-urban,1.5,normal_driving,test,public
02863.mp4,,,Normal,Cloudy,Highway,1.5,normal_driving,test,public
02872.mp4,,,Normal,Rain,Urban,1.5,normal_driving,test,public
02874.mp4,,,Normal,Clear,Urban,1.5,normal_driving,test,public
02877.mp4,,,Normal,Clear,Urban,1.5,normal_driving,test,public
02879.mp4,,,Normal,Rain,Urban,1.5,normal_driving,test,public
02883.mp4,,,Normal,Cloudy,Sub-urban,1.5,normal_driving,test,public
02893.mp4,,,Normal,Cloudy,Sub-urban,1.5,normal_driving,test,public
02894.mp4,,,Normal,Clear,Highway,1.5,normal_driving,test,public
02904.mp4,,,Normal,Cloudy,Sub-urban,1.5,normal_driving,test,public
02905.mp4,,,Normal,Clear,Rural,1.5,normal_driving,test,public
02906.mp4,,,Normal,Cloudy,Highway,1.5,normal_driving,test,public
00001.mp4,19.967,18.067,Normal,Clear,Highway,0.5,crash,test,private
00011.mp4,20.867,19.367,Normal,Clear,Highway,0.5,crash,test,private
00012.mp4,18.722,18.461,Normal,Clear,Urban,0.5,crash,test,private
00033.mp4,18.933,16.0,Normal,Clear,Highway,0.5,crash,test,private
00034.mp4,20.067,18.633,Normal,Clear,Urban,0.5,crash,test,private
00050.mp4,19.965,18.429,Normal,Clear,Urban,0.5,crash,test,private
00052.mp4,20.467,18.833,Normal,Clear,Rural,0.5,crash,test,private
00053.mp4,19.933,18.659,Normal,Cloudy,Urban,0.5,crash,test,private
00069.mp4,20.988,19.598,Normal,Cloudy,Highway,0.5,crash,test,private
00073.mp4,18.315,15.507,Normal,Rain,Urban,0.5,crash,test,private
00080.mp4,20.49,18.637,Normal,Clear,Highway,0.5,crash,test,private
00088.mp4,19.9,19.299,Normal,Clear,Urban,0.5,crash,test,private
00115.mp4,20.011,18.71,Normal,Clear,Urban,0.5,crash,test,private
00126.mp4,19.554,18.444,Normal,Cloudy,Highway,0.5,crash,test,private
00134.mp4,19.085,16.699,Normal,Cloudy,Urban,0.5,crash,test,private
00139.mp4,20.484,16.314,Normal,Clear,Urban,0.5,crash,test,private
00140.mp4,20.1,17.533,Normal,Clear,Rural,0.5,crash,test,private
00150.mp4,19.686,18.076,Normal,Clear,Urban,0.5,crash,test,private
00165.mp4,17.4,17.367,Normal,Cloudy,Urban,0.5,crash,test,private
00178.mp4,20.55,19.5,Normal,Cloudy,Urban,0.5,crash,test,private
00182.mp4,19.5,18.026,Normal,Clear,Urban,0.5,crash,test,private
00186.mp4,19.342,18.725,Normal,Rain,Sub-urban,0.5,crash,test,private
00191.mp4,19.267,17.567,Normal,Clear,Urban,0.5,crash,test,private
00197.mp4,19.306,16.921,Normal,Cloudy,Urban,0.5,crash,test,private
00198.mp4,19.766,19.733,Normal,Clear,Urban,0.5,crash,test,private
00203.mp4,19.866,18.731,Normal,Clear,Urban,0.5,crash,test,private
00220.mp4,19.77,18.201,Normal,Rain,Urban,0.5,crash,test,private
00229.mp4,18.812,16.754,Normal,Clear,Urban,0.5,crash,test,private
00241.mp4,19.992,19.731,Normal,Cloudy,Sub-urban,0.5,crash,test,private
00243.mp4,20.4,19.567,Normal,Clear,Urban,0.5,crash,test,private
00246.mp4,20.5,19.433,Normal,Cloudy,Sub-urban,0.5,crash,test,private
00248.mp4,17.937,13.645,Normal,Clear,Highway,0.5,crash,test,private
00249.mp4,19.549,17.41,Normal,Cloudy,Urban,0.5,crash,test,private
00257.mp4,19.3,18.033,Normal,Clear,Urban,0.5,crash,test,private
00274.mp4,19.433,18.133,Normal,Cloudy,Sub-urban,0.5,crash,test,private
00281.mp4,19.467,18.4,Normal,Rain,Urban,0.5,crash,test,private
00293.mp4,20.126,19.212,Normal,Rain,Urban,0.5,crash,test,private
00306.mp4,19.933,19.2,Normal,Clear,Urban,0.5,crash,test,private
00314.mp4,20.667,19.167,Normal,Clear,Urban,0.5,crash,test,private
00315.mp4,20.2,18.7,Normal,Clear,Urban,0.5,crash,test,private
00337.mp4,19.8,18.433,Bright,Clear,Urban,0.5,crash,test,private
00352.mp4,18.167,16.633,Normal,Clear,Other,0.5,crash,test,private
00359.mp4,21.6,19.2,Normal,Rain,Urban,0.5,crash,test,private
00365.mp4,20.967,19.067,Normal,Clear,Urban,0.5,crash,test,private
00367.mp4,20.97,19.011,Normal,Clear,Urban,0.5,crash,test,private
00368.mp4,19.133,17.433,Normal,Clear,Sub-urban,0.5,crash,test,private
00377.mp4,20.1,18.631,Normal,Clear,Highway,0.5,crash,test,private
00379.mp4,20.0,17.696,Normal,Clear,Urban,0.5,crash,test,private
00384.mp4,19.233,17.467,Normal,Clear,Urban,0.5,crash,test,private
00396.mp4,20.075,19.486,Normal,Clear,Urban,0.5,crash,test,private
00402.mp4,19.0,18.267,Normal,Cloudy,Urban,0.5,crash,test,private
00404.mp4,19.767,18.6,Normal,Clear,Urban,0.5,crash,test,private
00409.mp4,20.333,18.467,Twilight,Clear,Urban,0.5,crash,test,private
00412.mp4,19.333,17.5,Normal,Cloudy,Sub-urban,0.5,crash,test,private
00438.mp4,19.686,17.951,Normal,Clear,Urban,0.5,crash,test,private
00442.mp4,19.733,19.033,Normal,Clear,Urban,0.5,crash,test,private
00445.mp4,19.033,15.3,Normal,Cloudy,Urban,0.5,crash,test,private
00446.mp4,19.967,18.367,Normal,Clear,Urban,0.5,crash,test,private
00465.mp4,20.6,19.133,Normal,Cloudy,Urban,0.5,crash,test,private
00468.mp4,19.744,18.187,Normal,Clear,Urban,0.5,crash,test,private
00470.mp4,19.517,18.259,Normal,Cloudy,Urban,0.5,crash,test,private
00489.mp4,19.697,18.619,Normal,Clear,Urban,0.5,crash,test,private
00490.mp4,19.333,16.233,Normal,Clear,Highway,0.5,crash,test,private
00499.mp4,20.3,19.3,Normal,Clear,Urban,0.5,crash,test,private
00504.mp4,20.254,19.5,Normal,Clear,Urban,0.5,crash,test,private
00507.mp4,19.733,18.753,Normal,Clear,Urban,0.5,crash,test,private
00508.mp4,21.6,20.033,Normal,Cloudy,Highway,0.5,crash,test,private
00509.mp4,18.067,16.9,Normal,Cloudy,Sub-urban,0.5,crash,test,private
00513.mp4,19.6,18.767,Normal,Clear,Rural,0.5,crash,test,private
00514.mp4,20.883,19.6,Normal,Rain,Urban,0.5,crash,test,private
00518.mp4,19.78,18.04,Normal,Clear,Urban,0.5,crash,test,private
00524.mp4,22.045,20.306,Normal,Cloudy,Urban,0.5,crash,test,private
00525.mp4,20.073,18.359,Normal,Rain,Urban,0.5,crash,test,private
00531.mp4,19.561,17.942,Normal,Clear,Urban,0.5,crash,test,private
00536.mp4,18.122,17.652,Normal,Clear,Urban,0.5,crash,test,private
00552.mp4,20.167,18.733,Normal,Clear,Urban,0.5,crash,test,private
00555.mp4,20.377,16.463,Normal,Cloudy,Highway,0.5,crash,test,private
00569.mp4,18.413,17.629,Twilight,Cloudy,Sub-urban,0.5,crash,test,private
00575.mp4,35.214,30.833,Twilight,Clear,Highway,0.5,crash,test,private
00576.mp4,20.509,17.019,Twilight,Cloudy,Sub-urban,0.5,crash,test,private
00578.mp4,18.107,15.892,Normal,Clear,Highway,0.5,crash,test,private
00582.mp4,20.807,19.075,Normal,Clear,Urban,0.5,crash,test,private
00595.mp4,19.733,18.5,Normal,Cloudy,Urban,0.5,crash,test,private
00615.mp4,19.133,17.5,Twilight,Cloudy,Highway,0.5,crash,test,private
00616.mp4,20.366,18.759,Normal,Cloudy,Urban,0.5,crash,test,private
00632.mp4,23.087,21.387,Normal,Clear,Urban,0.5,crash,test,private
00646.mp4,20.467,17.333,Normal,Clear,Urban,0.5,crash,test,private
00662.mp4,21.7,18.8,Normal,Clear,Urban,0.5,crash,test,private
00672.mp4,19.9,18.367,Normal,Cloudy,Urban,0.5,crash,test,private
00676.mp4,20.51,18.942,Normal,Clear,Urban,0.5,crash,test,private
00679.mp4,19.431,17.416,Normal,Clear,Urban,0.5,crash,test,private
00680.mp4,18.867,18.8,Normal,Clear,Urban,0.5,crash,test,private
00685.mp4,20.9,19.733,Normal,Cloudy,Urban,0.5,crash,test,private
00706.mp4,21.267,18.767,Normal,Clear,Highway,0.5,crash,test,private
00716.mp4,19.867,17.7,Normal,Clear,Urban,0.5,crash,test,private
00718.mp4,20.467,19.133,Twilight,Rain,Urban,0.5,crash,test,private
00721.mp4,20.82,18.696,Normal,Clear,Urban,0.5,crash,test,private
00736.mp4,20.184,16.107,Normal,Cloudy,Rural,0.5,crash,test,private
00746.mp4,21.867,21.633,Dark,Clear,Urban,0.5,crash,test,private
00749.mp4,19.834,19.246,Normal,Clear,Urban,0.5,crash,test,private
00752.mp4,21.033,19.467,Normal,Clear,Sub-urban,0.5,crash,test,private
00759.mp4,20.367,19.3,Normal,Clear,Urban,0.5,crash,test,private
00768.mp4,20.467,18.667,Normal,Clear,Urban,0.5,crash,test,private
00786.mp4,20.02,19.353,Normal,Clear,Highway,0.5,crash,test,private
00790.mp4,19.567,17.033,Normal,Clear,Urban,0.5,crash,test,private
00796.mp4,19.467,18.067,Normal,Clear,Highway,0.5,crash,test,private
00797.mp4,20.1,19.3,Normal,Cloudy,Urban,0.5,crash,test,private
00800.mp4,19.934,18.557,Normal,Clear,Urban,0.5,crash,test,private
00807.mp4,20.2,17.6,Normal,Clear,Urban,0.5,crash,test,private
00808.mp4,20.25,18.115,Normal,Clear,Sub-urban,0.5,crash,test,private
00811.mp4,22.037,19.499,Normal,Clear,Urban,0.5,crash,test,private
00814.mp4,20.367,18.367,Normal,Cloudy,Urban,0.5,crash,test,private
00815.mp4,19.867,18.733,Normal,Cloudy,Sub-urban,0.5,crash,test,private
00826.mp4,20.2,17.767,Normal,Clear,Highway,0.5,crash,test,private
00837.mp4,19.5,18.267,Normal,Clear,Highway,0.5,crash,test,private
00844.mp4,19.144,17.772,Normal,Clear,Sub-urban,0.5,crash,test,private
00855.mp4,19.866,18.915,Normal,Clear,Highway,0.5,crash,test,private
00870.mp4,20.25,17.276,Normal,Clear,Urban,0.5,crash,test,private
00871.mp4,21.433,18.833,Normal,Cloudy,Urban,0.5,crash,test,private
00893.mp4,20.033,17.896,Normal,Rain,Urban,0.5,crash,test,private
00899.mp4,11.362,9.596,Normal,Cloudy,Highway,0.5,crash,test,private
00907.mp4,20.5,17.867,Normal,Cloudy,Urban,0.5,crash,test,private
00919.mp4,19.14,17.899,Normal,Clear,Urban,0.5,crash,test,private
00922.mp4,21.174,19.309,Normal,Clear,Urban,0.5,crash,test,private
00924.mp4,18.88,17.247,Normal,Cloudy,Urban,0.5,crash,test,private
00934.mp4,27.633,26.1,Normal,Clear,Sub-urban,0.5,crash,test,private
00939.mp4,18.546,16.761,Normal,Cloudy,Sub-urban,0.5,crash,test,private
00950.mp4,9.558,8.526,Normal,Clear,Urban,0.5,crash,test,private
00951.mp4,20.767,20.133,Normal,Cloudy,Sub-urban,0.5,crash,test,private
00956.mp4,20.667,19.002,Normal,Clear,Sub-urban,0.5,crash,test,private
00974.mp4,20.156,17.162,Normal,Clear,Urban,0.5,crash,test,private
00999.mp4,20.2,18.767,Normal,Cloudy,Urban,0.5,crash,test,private
01001.mp4,18.067,14.6,Normal,Clear,Urban,0.5,crash,test,private
01005.mp4,21.953,19.241,Normal,Cloudy,Highway,0.5,crash,test,private
01014.mp4,21.4,19.9,Normal,Clear,Urban,0.5,crash,test,private
01015.mp4,20.071,18.719,Normal,Cloudy,Highway,0.5,crash,test,private
01018.mp4,28.112,26.968,Normal,Cloudy,Urban,0.5,crash,test,private
01021.mp4,19.967,16.567,Bright,Clear,Sub-urban,0.5,crash,test,private
01025.mp4,20.4,19.067,Normal,Clear,Highway,0.5,crash,test,private
01026.mp4,18.697,16.769,Normal,Cloudy,Sub-urban,0.5,crash,test,private
01027.mp4,19.333,19.167,Normal,Clear,Highway,0.5,crash,test,private
01029.mp4,19.8,18.333,Normal,Cloudy,Urban,0.5,crash,test,private
02147.mp4,19.144,17.772,Normal,Clear,Sub-urban,1.0,crash,test,private
02148.mp4,18.315,15.507,Normal,Rain,Urban,1.0,crash,test,private
02163.mp4,9.558,8.526,Normal,Clear,Urban,1.0,crash,test,private
02180.mp4,19.085,16.699,Normal,Cloudy,Urban,1.0,crash,test,private
02186.mp4,11.362,9.596,Normal,Cloudy,Highway,1.0,crash,test,private
02189.mp4,21.033,19.467,Normal,Clear,Sub-urban,1.0,crash,test,private
02191.mp4,19.967,16.567,Bright,Clear,Sub-urban,1.0,crash,test,private
02194.mp4,20.033,17.896,Normal,Rain,Urban,1.0,crash,test,private
02203.mp4,20.156,17.162,Normal,Clear,Urban,1.0,crash,test,private
02206.mp4,20.25,17.276,Normal,Clear,Urban,1.0,crash,test,private
02213.mp4,19.965,18.429,Normal,Clear,Urban,1.0,crash,test,private
02219.mp4,19.306,16.921,Normal,Cloudy,Urban,1.0,crash,test,private
02221.mp4,18.546,16.761,Normal,Cloudy,Sub-urban,1.0,crash,test,private
02223.mp4,20.071,18.719,Normal,Cloudy,Highway,1.0,crash,test,private
02224.mp4,17.937,13.645,Normal,Clear,Highway,1.0,crash,test,private
02227.mp4,20.5,19.433,Normal,Cloudy,Sub-urban,1.0,crash,test,private
02228.mp4,19.561,17.942,Normal,Clear,Urban,1.0,crash,test,private
02229.mp4,27.633,26.1,Normal,Clear,Sub-urban,1.0,crash,test,private
02231.mp4,28.112,26.968,Normal,Cloudy,Urban,1.0,crash,test,private
02232.mp4,20.167,18.733,Normal,Clear,Urban,1.0,crash,test,private
02235.mp4,20.467,17.333,Normal,Clear,Urban,1.0,crash,test,private
02244.mp4,20.067,18.633,Normal,Clear,Urban,1.0,crash,test,private
02251.mp4,19.8,18.433,Bright,Clear,Urban,1.0,crash,test,private
02252.mp4,22.045,20.306,Normal,Cloudy,Urban,1.0,crash,test,private
02263.mp4,19.934,18.557,Normal,Clear,Urban,1.0,crash,test,private
02264.mp4,19.8,18.333,Normal,Cloudy,Urban,1.0,crash,test,private
02268.mp4,19.554,18.444,Normal,Cloudy,Highway,1.0,crash,test,private
02269.mp4,21.174,19.309,Normal,Clear,Urban,1.0,crash,test,private
02274.mp4,20.011,18.71,Normal,Clear,Urban,1.0,crash,test,private
02281.mp4,19.767,18.6,Normal,Clear,Urban,1.0,crash,test,private
02286.mp4,19.967,18.067,Normal,Clear,Highway,1.0,crash,test,private
02291.mp4,18.107,15.892,Normal,Clear,Highway,1.0,crash,test,private
02294.mp4,19.467,18.4,Normal,Rain,Urban,1.0,crash,test,private
02295.mp4,20.377,16.463,Normal,Cloudy,Highway,1.0,crash,test,private
02298.mp4,19.686,18.076,Normal,Clear,Urban,1.0,crash,test,private
02300.mp4,20.49,18.637,Normal,Clear,Highway,1.0,crash,test,private
02304.mp4,20.25,18.115,Normal,Clear,Sub-urban,1.0,crash,test,private
02307.mp4,18.167,16.633,Normal,Clear,Other,1.0,crash,test,private
02311.mp4,20.9,19.733,Normal,Cloudy,Urban,1.0,crash,test,private
02312.mp4,19.567,17.033,Normal,Clear,Urban,1.0,crash,test,private
02315.mp4,20.484,16.314,Normal,Clear,Urban,1.0,crash,test,private
02318.mp4,35.214,30.833,Twilight,Clear,Highway,1.0,crash,test,private
02324.mp4,20.5,17.867,Normal,Cloudy,Urban,1.0,crash,test,private
02325.mp4,21.6,20.033,Normal,Cloudy,Highway,1.0,crash,test,private
02326.mp4,20.97,19.011,Normal,Clear,Urban,1.0,crash,test,private
02328.mp4,18.88,17.247,Normal,Cloudy,Urban,1.0,crash,test,private
02332.mp4,20.2,17.6,Normal,Clear,Urban,1.0,crash,test,private
02334.mp4,20.51,18.942,Normal,Clear,Urban,1.0,crash,test,private
02337.mp4,20.2,17.767,Normal,Clear,Highway,1.0,crash,test,private
02338.mp4,20.467,18.833,Normal,Clear,Rural,1.0,crash,test,private
02341.mp4,19.733,18.5,Normal,Cloudy,Urban,1.0,crash,test,private
02342.mp4,18.697,16.769,Normal,Cloudy,Sub-urban,1.0,crash,test,private
02349.mp4,20.55,19.5,Normal,Cloudy,Urban,1.0,crash,test,private
02356.mp4,20.3,19.3,Normal,Clear,Urban,1.0,crash,test,private
02358.mp4,20.0,17.696,Normal,Clear,Urban,1.0,crash,test,private
02360.mp4,20.667,19.002,Normal,Clear,Sub-urban,1.0,crash,test,private
02364.mp4,20.184,16.107,Normal,Cloudy,Rural,1.0,crash,test,private
02365.mp4,20.366,18.759,Normal,Cloudy,Urban,1.0,crash,test,private
02372.mp4,20.667,19.167,Normal,Clear,Urban,1.0,crash,test,private
02376.mp4,20.1,18.631,Normal,Clear,Highway,1.0,crash,test,private
02381.mp4,23.087,21.387,Normal,Clear,Urban,1.0,crash,test,private
02383.mp4,20.467,18.667,Normal,Clear,Urban,1.0,crash,test,private
02390.mp4,19.517,18.259,Normal,Cloudy,Urban,1.0,crash,test,private
02394.mp4,19.467,18.067,Normal,Clear,Highway,1.0,crash,test,private
02399.mp4,20.467,19.133,Twilight,Rain,Urban,1.0,crash,test,private
02402.mp4,18.933,16.0,Normal,Clear,Highway,1.0,crash,test,private
02407.mp4,19.77,18.201,Normal,Rain,Urban,1.0,crash,test,private
02408.mp4,19.933,18.659,Normal,Cloudy,Urban,1.0,crash,test,private
02409.mp4,19.3,18.033,Normal,Clear,Urban,1.0,crash,test,private
02412.mp4,20.82,18.696,Normal,Clear,Urban,1.0,crash,test,private
02414.mp4,19.5,18.026,Normal,Clear,Urban,1.0,crash,test,private
02419.mp4,19.697,18.619,Normal,Clear,Urban,1.0,crash,test,private
02420.mp4,18.067,16.9,Normal,Cloudy,Sub-urban,1.0,crash,test,private
02423.mp4,20.6,19.133,Normal,Cloudy,Urban,1.0,crash,test,private
02426.mp4,20.2,18.7,Normal,Clear,Urban,1.0,crash,test,private
02430.mp4,19.5,18.267,Normal,Clear,Highway,1.0,crash,test,private
02438.mp4,21.6,19.2,Normal,Rain,Urban,1.0,crash,test,private
02439.mp4,19.866,18.731,Normal,Clear,Urban,1.0,crash,test,private
02446.mp4,19.433,18.133,Normal,Cloudy,Sub-urban,1.0,crash,test,private
02462.mp4,19.744,18.187,Normal,Clear,Urban,1.0,crash,test,private
02465.mp4,19.333,16.233,Normal,Clear,Highway,1.0,crash,test,private
02469.mp4,19.033,15.3,Normal,Cloudy,Urban,1.0,crash,test,private
02470.mp4,20.1,17.533,Normal,Clear,Rural,1.0,crash,test,private
02480.mp4,19.9,18.367,Normal,Cloudy,Urban,1.0,crash,test,private
02486.mp4,21.953,19.241,Normal,Cloudy,Highway,1.0,crash,test,private
02487.mp4,21.267,18.767,Normal,Clear,Highway,1.0,crash,test,private
02489.mp4,20.2,18.767,Normal,Cloudy,Urban,1.0,crash,test,private
02492.mp4,20.4,19.067,Normal,Clear,Highway,1.0,crash,test,private
02504.mp4,20.333,18.467,Twilight,Clear,Urban,1.0,crash,test,private
02508.mp4,20.867,19.367,Normal,Clear,Highway,1.0,crash,test,private
02513.mp4,20.807,19.075,Normal,Clear,Urban,1.0,crash,test,private
02519.mp4,22.037,19.499,Normal,Clear,Urban,1.0,crash,test,private
02520.mp4,19.867,18.733,Normal,Cloudy,Sub-urban,1.0,crash,test,private
02521.mp4,19.14,17.899,Normal,Clear,Urban,1.0,crash,test,private
02526.mp4,18.812,16.754,Normal,Clear,Urban,1.0,crash,test,private
02527.mp4,18.067,14.6,Normal,Clear,Urban,1.0,crash,test,private
02529.mp4,19.133,17.5,Twilight,Cloudy,Highway,1.0,crash,test,private
02536.mp4,20.509,17.019,Twilight,Cloudy,Sub-urban,1.0,crash,test,private
02542.mp4,20.967,19.067,Normal,Clear,Urban,1.0,crash,test,private
02549.mp4,19.549,17.41,Normal,Cloudy,Urban,1.0,crash,test,private
02552.mp4,20.073,18.359,Normal,Rain,Urban,1.0,crash,test,private
02554.mp4,21.4,19.9,Normal,Clear,Urban,1.0,crash,test,private
02558.mp4,19.431,17.416,Normal,Clear,Urban,1.0,crash,test,private
02569.mp4,20.367,18.367,Normal,Cloudy,Urban,1.0,crash,test,private
02571.mp4,20.883,19.6,Normal,Rain,Urban,1.0,crash,test,private
02574.mp4,21.7,18.8,Normal,Clear,Urban,1.0,crash,test,private
02575.mp4,21.433,18.833,Normal,Cloudy,Urban,1.0,crash,test,private
02578.mp4,19.233,17.467,Normal,Clear,Urban,1.0,crash,test,private
02580.mp4,19.686,17.951,Normal,Clear,Urban,1.0,crash,test,private
02584.mp4,19.333,17.5,Normal,Cloudy,Sub-urban,1.0,crash,test,private
02585.mp4,20.367,19.3,Normal,Clear,Urban,1.0,crash,test,private
02586.mp4,19.78,18.04,Normal,Clear,Urban,1.0,crash,test,private
02589.mp4,19.967,18.367,Normal,Clear,Urban,1.0,crash,test,private
02593.mp4,19.267,17.567,Normal,Clear,Urban,1.0,crash,test,private
02597.mp4,19.133,17.433,Normal,Clear,Sub-urban,1.0,crash,test,private
02601.mp4,19.867,17.7,Normal,Clear,Urban,1.0,crash,test,private
02602.mp4,20.988,19.598,Normal,Cloudy,Highway,1.0,crash,test,private
02604.mp4,20.25,17.276,Normal,Clear,Urban,1.5,crash,test,private
02610.mp4,20.807,19.075,Normal,Clear,Urban,1.5,crash,test,private
02616.mp4,19.333,17.5,Normal,Cloudy,Sub-urban,1.5,crash,test,private
02626.mp4,18.546,16.761,Normal,Cloudy,Sub-urban,1.5,crash,test,private
02627.mp4,20.1,17.533,Normal,Clear,Rural,1.5,crash,test,private
02629.mp4,17.937,13.645,Normal,Clear,Highway,1.5,crash,test,private
02638.mp4,20.467,18.833,Normal,Clear,Rural,1.5,crash,test,private
02642.mp4,18.067,14.6,Normal,Clear,Urban,1.5,crash,test,private
02644.mp4,21.953,19.241,Normal,Cloudy,Highway,1.5,crash,test,private
02647.mp4,19.967,16.567,Bright,Clear,Sub-urban,1.5,crash,test,private
02648.mp4,19.033,15.3,Normal,Cloudy,Urban,1.5,crash,test,private
02650.mp4,20.366,18.759,Normal,Cloudy,Urban,1.5,crash,test,private
02651.mp4,21.6,20.033,Normal,Cloudy,Highway,1.5,crash,test,private
02657.mp4,19.967,18.067,Normal,Clear,Highway,1.5,crash,test,private
02658.mp4,20.377,16.463,Normal,Cloudy,Highway,1.5,crash,test,private
02661.mp4,20.333,18.467,Twilight,Clear,Urban,1.5,crash,test,private
02667.mp4,19.333,16.233,Normal,Clear,Highway,1.5,crash,test,private
02669.mp4,19.967,18.367,Normal,Clear,Urban,1.5,crash,test,private
02671.mp4,19.549,17.41,Normal,Cloudy,Urban,1.5,crash,test,private
02675.mp4,18.167,16.633,Normal,Clear,Other,1.5,crash,test,private
02676.mp4,19.085,16.699,Normal,Cloudy,Urban,1.5,crash,test,private
02677.mp4,18.315,15.507,Normal,Rain,Urban,1.5,crash,test,private
02678.mp4,21.433,18.833,Normal,Cloudy,Urban,1.5,crash,test,private
02680.mp4,20.97,19.011,Normal,Clear,Urban,1.5,crash,test,private
02682.mp4,22.037,19.499,Normal,Clear,Urban,1.5,crash,test,private
02697.mp4,20.5,17.867,Normal,Cloudy,Urban,1.5,crash,test,private
02705.mp4,18.933,16.0,Normal,Clear,Highway,1.5,crash,test,private
02709.mp4,21.033,19.467,Normal,Clear,Sub-urban,1.5,crash,test,private
02711.mp4,21.4,19.9,Normal,Clear,Urban,1.5,crash,test,private
02712.mp4,35.214,30.833,Twilight,Clear,Highway,1.5,crash,test,private
02717.mp4,19.431,17.416,Normal,Clear,Urban,1.5,crash,test,private
02722.mp4,20.509,17.019,Twilight,Cloudy,Sub-urban,1.5,crash,test,private
02723.mp4,19.867,17.7,Normal,Clear,Urban,1.5,crash,test,private
02743.mp4,20.184,16.107,Normal,Cloudy,Rural,1.5,crash,test,private
02748.mp4,21.267,18.767,Normal,Clear,Highway,1.5,crash,test,private
02754.mp4,19.133,17.433,Normal,Clear,Sub-urban,1.5,crash,test,private
02760.mp4,20.667,19.167,Normal,Clear,Urban,1.5,crash,test,private
02762.mp4,19.567,17.033,Normal,Clear,Urban,1.5,crash,test,private
02776.mp4,11.362,9.596,Normal,Cloudy,Highway,1.5,crash,test,private
02779.mp4,19.267,17.567,Normal,Clear,Urban,1.5,crash,test,private
02780.mp4,19.686,17.951,Normal,Clear,Urban,1.5,crash,test,private
02782.mp4,20.033,17.896,Normal,Rain,Urban,1.5,crash,test,private
02788.mp4,20.467,17.333,Normal,Clear,Urban,1.5,crash,test,private
02790.mp4,20.51,18.942,Normal,Clear,Urban,1.5,crash,test,private
02792.mp4,20.82,18.696,Normal,Clear,Urban,1.5,crash,test,private
02799.mp4,19.686,18.076,Normal,Clear,Urban,1.5,crash,test,private
02806.mp4,20.49,18.637,Normal,Clear,Highway,1.5,crash,test,private
02810.mp4,20.867,19.367,Normal,Clear,Highway,1.5,crash,test,private
02814.mp4,18.107,15.892,Normal,Clear,Highway,1.5,crash,test,private
02817.mp4,20.073,18.359,Normal,Rain,Urban,1.5,crash,test,private
02820.mp4,20.467,18.667,Normal,Clear,Urban,1.5,crash,test,private
02830.mp4,21.6,19.2,Normal,Rain,Urban,1.5,crash,test,private
02835.mp4,20.2,17.767,Normal,Clear,Highway,1.5,crash,test,private
02837.mp4,20.484,16.314,Normal,Clear,Urban,1.5,crash,test,private
02838.mp4,27.633,26.1,Normal,Clear,Sub-urban,1.5,crash,test,private
02839.mp4,20.25,18.115,Normal,Clear,Sub-urban,1.5,crash,test,private
02844.mp4,19.744,18.187,Normal,Clear,Urban,1.5,crash,test,private
02847.mp4,18.697,16.769,Normal,Cloudy,Sub-urban,1.5,crash,test,private
02849.mp4,19.306,16.921,Normal,Cloudy,Urban,1.5,crash,test,private
02850.mp4,19.561,17.942,Normal,Clear,Urban,1.5,crash,test,private
02852.mp4,18.88,17.247,Normal,Cloudy,Urban,1.5,crash,test,private
02861.mp4,19.965,18.429,Normal,Clear,Urban,1.5,crash,test,private
02864.mp4,19.133,17.5,Twilight,Cloudy,Highway,1.5,crash,test,private
02869.mp4,19.78,18.04,Normal,Clear,Urban,1.5,crash,test,private
02875.mp4,18.812,16.754,Normal,Clear,Urban,1.5,crash,test,private
02876.mp4,22.045,20.306,Normal,Cloudy,Urban,1.5,crash,test,private
02880.mp4,21.174,19.309,Normal,Clear,Urban,1.5,crash,test,private
02886.mp4,20.0,17.696,Normal,Clear,Urban,1.5,crash,test,private
02887.mp4,19.77,18.201,Normal,Rain,Urban,1.5,crash,test,private
02891.mp4,21.7,18.8,Normal,Clear,Urban,1.5,crash,test,private
02895.mp4,20.667,19.002,Normal,Clear,Sub-urban,1.5,crash,test,private
02896.mp4,23.087,21.387,Normal,Clear,Urban,1.5,crash,test,private
02897.mp4,20.2,18.7,Normal,Clear,Urban,1.5,crash,test,private
02899.mp4,20.2,17.6,Normal,Clear,Urban,1.5,crash,test,private
02908.mp4,19.9,18.367,Normal,Cloudy,Urban,1.5,crash,test,private
02911.mp4,20.967,19.067,Normal,Clear,Urban,1.5,crash,test,private
02912.mp4,20.367,18.367,Normal,Cloudy,Urban,1.5,crash,test,private
02913.mp4,20.156,17.162,Normal,Clear,Urban,1.5,crash,test,private
02914.mp4,19.233,17.467,Normal,Clear,Urban,1.5,crash,test,private
01047.mp4,,,Normal,Clear,Urban,0.5,normal_driving,test,private
01053.mp4,,,Normal,Cloudy,Urban,0.5,normal_driving,test,private
01055.mp4,,,Normal,Cloudy,Highway,0.5,normal_driving,test,private
01057.mp4,,,Normal,Cloudy,Urban,0.5,normal_driving,test,private
01063.mp4,,,Normal,Cloudy,Urban,0.5,normal_driving,test,private
01064.mp4,,,Normal,Clear,Urban,0.5,normal_driving,test,private
01077.mp4,,,Dark,Clear,Highway,0.5,normal_driving,test,private
01082.mp4,,,Normal,Clear,Urban,0.5,normal_driving,test,private
01086.mp4,,,Normal,Clear,Urban,0.5,normal_driving,test,private
01087.mp4,,,Normal,Clear,Highway,0.5,normal_driving,test,private
01091.mp4,,,Normal,Clear,Urban,0.5,normal_driving,test,private
01093.mp4,,,Normal,Clear,Highway,0.5,normal_driving,test,private
01104.mp4,,,Normal,Cloudy,Urban,0.5,normal_driving,test,private
01105.mp4,,,Twilight,Clear,Sub-urban,0.5,normal_driving,test,private
01106.mp4,,,Normal,Clear,Urban,0.5,normal_driving,test,private
01107.mp4,,,Normal,Cloudy,Highway,0.5,normal_driving,test,private
01120.mp4,,,Normal,Cloudy,Sub-urban,0.5,normal_driving,test,private
01123.mp4,,,Normal,Clear,Sub-urban,0.5,normal_driving,test,private
01124.mp4,,,Normal,Cloudy,Urban,0.5,normal_driving,test,private
01160.mp4,,,Normal,Clear,Highway,0.5,normal_driving,test,private
01161.mp4,,,Normal,Clear,Urban,0.5,normal_driving,test,private
01174.mp4,,,Normal,Cloudy,Sub-urban,0.5,normal_driving,test,private
01183.mp4,,,Normal,Rain,Sub-urban,0.5,normal_driving,test,private
01186.mp4,,,Normal,Cloudy,Rural,0.5,normal_driving,test,private
01188.mp4,,,Normal,Clear,Sub-urban,0.5,normal_driving,test,private
01198.mp4,,,Normal,Clear,Urban,0.5,normal_driving,test,private
01199.mp4,,,Normal,Cloudy,Sub-urban,0.5,normal_driving,test,private
01200.mp4,,,Normal,Clear,Highway,0.5,normal_driving,test,private
01212.mp4,,,Normal,Rain,Industrial,0.5,normal_driving,test,private
01226.mp4,,,Normal,Clear,Urban,0.5,normal_driving,test,private
01233.mp4,,,Normal,Clear,Urban,0.5,normal_driving,test,private
01241.mp4,,,Normal,Clear,Other,0.5,normal_driving,test,private
01243.mp4,,,Normal,Cloudy,Highway,0.5,normal_driving,test,private
01251.mp4,,,Normal,Clear,Urban,0.5,normal_driving,test,private
01280.mp4,,,Normal,Cloudy,Other,0.5,normal_driving,test,private
01304.mp4,,,Normal,Clear,Urban,0.5,normal_driving,test,private
01308.mp4,,,Normal,Clear,Urban,0.5,normal_driving,test,private
01314.mp4,,,Normal,Rain,Sub-urban,0.5,normal_driving,test,private
01325.mp4,,,Normal,Clear,Urban,0.5,normal_driving,test,private
01327.mp4,,,Normal,Cloudy,Urban,0.5,normal_driving,test,private
01336.mp4,,,Normal,Cloudy,Highway,0.5,normal_driving,test,private
01337.mp4,,,Normal,Clear,Other,0.5,normal_driving,test,private
01345.mp4,,,Normal,Clear,Highway,0.5,normal_driving,test,private
01351.mp4,,,Normal,Cloudy,Urban,0.5,normal_driving,test,private
01358.mp4,,,Normal,Clear,Urban,0.5,normal_driving,test,private
01359.mp4,,,Normal,Clear,Urban,0.5,normal_driving,test,private
01363.mp4,,,Normal,Cloudy,Urban,0.5,normal_driving,test,private
01370.mp4,,,Twilight,Clear,Highway,0.5,normal_driving,test,private
01373.mp4,,,Normal,Clear,Urban,0.5,normal_driving,test,private
01378.mp4,,,Normal,Clear,Urban,0.5,normal_driving,test,private
01385.mp4,,,Normal,Cloudy,Urban,0.5,normal_driving,test,private
01412.mp4,,,Normal,Cloudy,Highway,0.5,normal_driving,test,private
01418.mp4,,,Normal,Clear,Urban,0.5,normal_driving,test,private
01422.mp4,,,Normal,Clear,Highway,0.5,normal_driving,test,private
01427.mp4,,,Normal,Clear,Highway,0.5,normal_driving,test,private
01428.mp4,,,Normal,Clear,Urban,0.5,normal_driving,test,private
01430.mp4,,,Normal,Cloudy,Other,0.5,normal_driving,test,private
01443.mp4,,,Normal,Cloudy,Sub-urban,0.5,normal_driving,test,private
01447.mp4,,,Normal,Cloudy,Sub-urban,0.5,normal_driving,test,private
01451.mp4,,,Normal,Rain,Rural,0.5,normal_driving,test,private
01455.mp4,,,Normal,Cloudy,Sub-urban,0.5,normal_driving,test,private
01458.mp4,,,Normal,Cloudy,Highway,0.5,normal_driving,test,private
01471.mp4,,,Normal,Clear,Urban,0.5,normal_driving,test,private
01475.mp4,,,Normal,Cloudy,Highway,0.5,normal_driving,test,private
01515.mp4,,,Twilight,Cloudy,Urban,0.5,normal_driving,test,private
01520.mp4,,,Normal,Clear,Urban,0.5,normal_driving,test,private
01522.mp4,,,Normal,Clear,Urban,0.5,normal_driving,test,private
01524.mp4,,,Normal,Clear,Urban,0.5,normal_driving,test,private
01547.mp4,,,Normal,Clear,Urban,0.5,normal_driving,test,private
01553.mp4,,,Normal,Clear,Sub-urban,0.5,normal_driving,test,private
01556.mp4,,,Normal,Clear,Highway,0.5,normal_driving,test,private
01562.mp4,,,Normal,Clear,Highway,0.5,normal_driving,test,private
01587.mp4,,,Normal,Rain,Urban,0.5,normal_driving,test,private
01594.mp4,,,Normal,Clear,Urban,0.5,normal_driving,test,private
01602.mp4,,,Normal,Cloudy,Highway,0.5,normal_driving,test,private
01613.mp4,,,Normal,Cloudy,Sub-urban,0.5,normal_driving,test,private
01619.mp4,,,Normal,Clear,Highway,0.5,normal_driving,test,private
01626.mp4,,,Normal,Clear,Highway,0.5,normal_driving,test,private
01637.mp4,,,Normal,Cloudy,Urban,0.5,normal_driving,test,private
01641.mp4,,,Normal,Cloudy,Highway,0.5,normal_driving,test,private
01642.mp4,,,Twilight,Clear,Urban,0.5,normal_driving,test,private
01658.mp4,,,Normal,Clear,Urban,0.5,normal_driving,test,private
01665.mp4,,,Normal,Cloudy,Sub-urban,0.5,normal_driving,test,private
01667.mp4,,,Normal,Clear,Urban,0.5,normal_driving,test,private
01670.mp4,,,Normal,Clear,Urban,0.5,normal_driving,test,private
01674.mp4,,,Normal,Clear,Highway,0.5,normal_driving,test,private
01684.mp4,,,Normal,Clear,Urban,0.5,normal_driving,test,private
01689.mp4,,,Normal,Cloudy,Urban,0.5,normal_driving,test,private
01701.mp4,,,Normal,Clear,Sub-urban,0.5,normal_driving,test,private
01703.mp4,,,Normal,Clear,Urban,0.5,normal_driving,test,private
01718.mp4,,,Normal,Clear,Sub-urban,0.5,normal_driving,test,private
01721.mp4,,,Normal,Cloudy,Urban,0.5,normal_driving,test,private
01730.mp4,,,Normal,Rain,Urban,0.5,normal_driving,test,private
01757.mp4,,,Normal,Clear,Highway,0.5,normal_driving,test,private
01759.mp4,,,Normal,Cloudy,Highway,0.5,normal_driving,test,private
01775.mp4,,,Normal,Clear,Rural,0.5,normal_driving,test,private
01776.mp4,,,Normal,Clear,Highway,0.5,normal_driving,test,private
01784.mp4,,,Normal,Clear,Sub-urban,0.5,normal_driving,test,private
01788.mp4,,,Normal,Clear,Highway,0.5,normal_driving,test,private
01803.mp4,,,Dark,Clear,Sub-urban,0.5,normal_driving,test,private
01818.mp4,,,Normal,Clear,Sub-urban,0.5,normal_driving,test,private
01830.mp4,,,Twilight,Clear,Highway,0.5,normal_driving,test,private
01833.mp4,,,Normal,Cloudy,Sub-urban,0.5,normal_driving,test,private
01841.mp4,,,Normal,Clear,Urban,0.5,normal_driving,test,private
01847.mp4,,,Normal,Clear,Urban,0.5,normal_driving,test,private
01851.mp4,,,Normal,Clear,Sub-urban,0.5,normal_driving,test,private
01857.mp4,,,Normal,Cloudy,Urban,0.5,normal_driving,test,private
01867.mp4,,,Normal,Cloudy,Highway,0.5,normal_driving,test,private
01868.mp4,,,Normal,Cloudy,Urban,0.5,normal_driving,test,private
01884.mp4,,,Normal,Clear,Urban,0.5,normal_driving,test,private
01892.mp4,,,Normal,Cloudy,Sub-urban,0.5,normal_driving,test,private
01909.mp4,,,Normal,Clear,Sub-urban,0.5,normal_driving,test,private
01914.mp4,,,Normal,Cloudy,Sub-urban,0.5,normal_driving,test,private
01915.mp4,,,Normal,Clear,Urban,0.5,normal_driving,test,private
01919.mp4,,,Normal,Clear,Highway,0.5,normal_driving,test,private
01957.mp4,,,Normal,Cloudy,Urban,0.5,normal_driving,test,private
01958.mp4,,,Normal,Clear,Urban,0.5,normal_driving,test,private
01978.mp4,,,Normal,Clear,Highway,0.5,normal_driving,test,private
01981.mp4,,,Normal,Cloudy,Sub-urban,0.5,normal_driving,test,private
01999.mp4,,,Twilight,Cloudy,Highway,0.5,normal_driving,test,private
02005.mp4,,,Normal,Clear,Sub-urban,0.5,normal_driving,test,private
02015.mp4,,,Normal,Cloudy,Urban,0.5,normal_driving,test,private
02020.mp4,,,Normal,Fog,Urban,0.5,normal_driving,test,private
02023.mp4,,,Normal,Clear,Highway,0.5,normal_driving,test,private
02025.mp4,,,Normal,Clear,Urban,0.5,normal_driving,test,private
02030.mp4,,,Normal,Rain,Urban,0.5,normal_driving,test,private
02036.mp4,,,Normal,Cloudy,Highway,0.5,normal_driving,test,private
02056.mp4,,,Normal,Clear,Highway,0.5,normal_driving,test,private
02076.mp4,,,Normal,Cloudy,Highway,0.5,normal_driving,test,private
02077.mp4,,,Normal,Clear,Urban,0.5,normal_driving,test,private
02078.mp4,,,Normal,Cloudy,Urban,0.5,normal_driving,test,private
02081.mp4,,,Normal,Clear,Highway,0.5,normal_driving,test,private
02086.mp4,,,Normal,Clear,Urban,0.5,normal_driving,test,private
02094.mp4,,,Normal,Clear,Highway,0.5,normal_driving,test,private
02103.mp4,,,Normal,Cloudy,Sub-urban,0.5,normal_driving,test,private
02110.mp4,,,Normal,Clear,Urban,0.5,normal_driving,test,private
02112.mp4,,,Normal,Cloudy,Urban,0.5,normal_driving,test,private
02116.mp4,,,Normal,Cloudy,Highway,0.5,normal_driving,test,private
02125.mp4,,,Normal,Clear,Highway,0.5,normal_driving,test,private
02127.mp4,,,Normal,Cloudy,Highway,0.5,normal_driving,test,private
02131.mp4,,,Normal,Clear,Highway,0.5,normal_driving,test,private
02138.mp4,,,Normal,Clear,Highway,0.5,normal_driving,test,private
02144.mp4,,,Normal,Cloudy,Rural,1.0,normal_driving,test,private
02145.mp4,,,Normal,Clear,Urban,1.0,normal_driving,test,private
02149.mp4,,,Normal,Cloudy,Urban,1.0,normal_driving,test,private
02154.mp4,,,Normal,Clear,Highway,1.0,normal_driving,test,private
02156.mp4,,,Normal,Cloudy,Highway,1.0,normal_driving,test,private
02159.mp4,,,Normal,Clear,Urban,1.0,normal_driving,test,private
02161.mp4,,,Normal,Clear,Urban,1.0,normal_driving,test,private
02168.mp4,,,Twilight,Clear,Highway,1.0,normal_driving,test,private
02171.mp4,,,Normal,Cloudy,Sub-urban,1.0,normal_driving,test,private
02172.mp4,,,Normal,Clear,Urban,1.0,normal_driving,test,private
02173.mp4,,,Normal,Cloudy,Urban,1.0,normal_driving,test,private
02174.mp4,,,Normal,Clear,Urban,1.0,normal_driving,test,private
02179.mp4,,,Normal,Cloudy,Sub-urban,1.0,normal_driving,test,private
02182.mp4,,,Normal,Cloudy,Sub-urban,1.0,normal_driving,test,private
02183.mp4,,,Twilight,Clear,Sub-urban,1.0,normal_driving,test,private
02192.mp4,,,Normal,Clear,Sub-urban,1.0,normal_driving,test,private
02198.mp4,,,Normal,Clear,Highway,1.0,normal_driving,test,private
02201.mp4,,,Normal,Clear,Sub-urban,1.0,normal_driving,test,private
02210.mp4,,,Normal,Clear,Urban,1.0,normal_driving,test,private
02217.mp4,,,Normal,Rain,Sub-urban,1.0,normal_driving,test,private
02220.mp4,,,Normal,Cloudy,Sub-urban,1.0,normal_driving,test,private
02225.mp4,,,Normal,Clear,Urban,1.0,normal_driving,test,private
02226.mp4,,,Normal,Cloudy,Urban,1.0,normal_driving,test,private
02239.mp4,,,Normal,Clear,Highway,1.0,normal_driving,test,private
02240.mp4,,,Normal,Cloudy,Sub-urban,1.0,normal_driving,test,private
02246.mp4,,,Normal,Cloudy,Other,1.0,normal_driving,test,private
02247.mp4,,,Normal,Clear,Urban,1.0,normal_driving,test,private
02248.mp4,,,Normal,Cloudy,Urban,1.0,normal_driving,test,private
02249.mp4,,,Normal,Clear,Highway,1.0,normal_driving,test,private
02256.mp4,,,Normal,Clear,Highway,1.0,normal_driving,test,private
02258.mp4,,,Normal,Clear,Highway,1.0,normal_driving,test,private
02272.mp4,,,Normal,Cloudy,Sub-urban,1.0,normal_driving,test,private
02275.mp4,,,Normal,Clear,Sub-urban,1.0,normal_driving,test,private
02277.mp4,,,Normal,Clear,Sub-urban,1.0,normal_driving,test,private
02284.mp4,,,Normal,Cloudy,Highway,1.0,normal_driving,test,private
02285.mp4,,,Normal,Cloudy,Sub-urban,1.0,normal_driving,test,private
02288.mp4,,,Normal,Clear,Sub-urban,1.0,normal_driving,test,private
02293.mp4,,,Normal,Clear,Urban,1.0,normal_driving,test,private
02296.mp4,,,Twilight,Clear,Urban,1.0,normal_driving,test,private
02301.mp4,,,Normal,Fog,Urban,1.0,normal_driving,test,private
02302.mp4,,,Normal,Clear,Urban,1.0,normal_driving,test,private
02308.mp4,,,Normal,Clear,Highway,1.0,normal_driving,test,private
02309.mp4,,,Normal,Clear,Highway,1.0,normal_driving,test,private
02313.mp4,,,Normal,Cloudy,Highway,1.0,normal_driving,test,private
02314.mp4,,,Normal,Cloudy,Highway,1.0,normal_driving,test,private
02321.mp4,,,Normal,Clear,Urban,1.0,normal_driving,test,private
02327.mp4,,,Normal,Clear,Urban,1.0,normal_driving,test,private
02329.mp4,,,Normal,Cloudy,Urban,1.0,normal_driving,test,private
02340.mp4,,,Normal,Clear,Urban,1.0,normal_driving,test,private
02344.mp4,,,Normal,Clear,Other,1.0,normal_driving,test,private
02346.mp4,,,Normal,Clear,Urban,1.0,normal_driving,test,private
02352.mp4,,,Normal,Clear,Urban,1.0,normal_driving,test,private
02353.mp4,,,Normal,Rain,Sub-urban,1.0,normal_driving,test,private
02355.mp4,,,Normal,Clear,Urban,1.0,normal_driving,test,private
02362.mp4,,,Normal,Clear,Urban,1.0,normal_driving,test,private
02367.mp4,,,Normal,Cloudy,Sub-urban,1.0,normal_driving,test,private
02380.mp4,,,Normal,Cloudy,Urban,1.0,normal_driving,test,private
02388.mp4,,,Normal,Clear,Sub-urban,1.0,normal_driving,test,private
02392.mp4,,,Normal,Cloudy,Sub-urban,1.0,normal_driving,test,private
02393.mp4,,,Normal,Cloudy,Highway,1.0,normal_driving,test,private
02395.mp4,,,Normal,Clear,Urban,1.0,normal_driving,test,private
02404.mp4,,,Normal,Clear,Urban,1.0,normal_driving,test,private
02415.mp4,,,Normal,Clear,Highway,1.0,normal_driving,test,private
02416.mp4,,,Normal,Clear,Sub-urban,1.0,normal_driving,test,private
02417.mp4,,,Normal,Cloudy,Highway,1.0,normal_driving,test,private
02418.mp4,,,Normal,Clear,Highway,1.0,normal_driving,test,private
02421.mp4,,,Normal,Clear,Urban,1.0,normal_driving,test,private
02422.mp4,,,Normal,Clear,Urban,1.0,normal_driving,test,private
02424.mp4,,,Normal,Clear,Urban,1.0,normal_driving,test,private
02425.mp4,,,Normal,Clear,Urban,1.0,normal_driving,test,private
02427.mp4,,,Normal,Clear,Urban,1.0,normal_driving,test,private
02431.mp4,,,Normal,Cloudy,Other,1.0,normal_driving,test,private
02432.mp4,,,Normal,Clear,Highway,1.0,normal_driving,test,private
02436.mp4,,,Normal,Clear,Highway,1.0,normal_driving,test,private
02437.mp4,,,Normal,Clear,Highway,1.0,normal_driving,test,private
02440.mp4,,,Normal,Clear,Highway,1.0,normal_driving,test,private
02443.mp4,,,Normal,Clear,Urban,1.0,normal_driving,test,private
02444.mp4,,,Normal,Cloudy,Urban,1.0,normal_driving,test,private
02445.mp4,,,Normal,Cloudy,Highway,1.0,normal_driving,test,private
02447.mp4,,,Normal,Clear,Urban,1.0,normal_driving,test,private
02450.mp4,,,Normal,Cloudy,Urban,1.0,normal_driving,test,private
02453.mp4,,,Normal,Cloudy,Highway,1.0,normal_driving,test,private
02455.mp4,,,Normal,Clear,Urban,1.0,normal_driving,test,private
02456.mp4,,,Normal,Cloudy,Sub-urban,1.0,normal_driving,test,private
02457.mp4,,,Normal,Clear,Highway,1.0,normal_driving,test,private
02460.mp4,,,Normal,Rain,Urban,1.0,normal_driving,test,private
02464.mp4,,,Normal,Rain,Industrial,1.0,normal_driving,test,private
02466.mp4,,,Normal,Clear,Urban,1.0,normal_driving,test,private
02471.mp4,,,Normal,Cloudy,Urban,1.0,normal_driving,test,private
02481.mp4,,,Normal,Clear,Highway,1.0,normal_driving,test,private
02483.mp4,,,Normal,Cloudy,Urban,1.0,normal_driving,test,private
02485.mp4,,,Twilight,Clear,Highway,1.0,normal_driving,test,private
02488.mp4,,,Normal,Clear,Urban,1.0,normal_driving,test,private
02506.mp4,,,Dark,Clear,Highway,1.0,normal_driving,test,private
02507.mp4,,,Normal,Cloudy,Highway,1.0,normal_driving,test,private
02514.mp4,,,Normal,Cloudy,Sub-urban,1.0,normal_driving,test,private
02516.mp4,,,Normal,Cloudy,Urban,1.0,normal_driving,test,private
02523.mp4,,,Normal,Clear,Highway,1.0,normal_driving,test,private
02525.mp4,,,Normal,Cloudy,Urban,1.0,normal_driving,test,private
02528.mp4,,,Normal,Clear,Urban,1.0,normal_driving,test,private
02531.mp4,,,Normal,Clear,Highway,1.0,normal_driving,test,private
02532.mp4,,,Normal,Cloudy,Urban,1.0,normal_driving,test,private
02535.mp4,,,Normal,Cloudy,Sub-urban,1.0,normal_driving,test,private
02546.mp4,,,Normal,Clear,Highway,1.0,normal_driving,test,private
02547.mp4,,,Normal,Clear,Urban,1.0,normal_driving,test,private
02550.mp4,,,Normal,Cloudy,Urban,1.0,normal_driving,test,private
02551.mp4,,,Normal,Clear,Urban,1.0,normal_driving,test,private
02553.mp4,,,Normal,Clear,Sub-urban,1.0,normal_driving,test,private
02559.mp4,,,Normal,Clear,Urban,1.0,normal_driving,test,private
02560.mp4,,,Normal,Cloudy,Highway,1.0,normal_driving,test,private
02564.mp4,,,Normal,Clear,Other,1.0,normal_driving,test,private
02570.mp4,,,Normal,Clear,Rural,1.0,normal_driving,test,private
02577.mp4,,,Normal,Clear,Urban,1.0,normal_driving,test,private
02590.mp4,,,Normal,Rain,Urban,1.0,normal_driving,test,private
02596.mp4,,,Twilight,Cloudy,Urban,1.0,normal_driving,test,private
02598.mp4,,,Normal,Cloudy,Highway,1.0,normal_driving,test,private
02605.mp4,,,Normal,Clear,Urban,1.5,normal_driving,test,private
02606.mp4,,,Normal,Clear,Urban,1.5,normal_driving,test,private
02607.mp4,,,Normal,Cloudy,Sub-urban,1.5,normal_driving,test,private
02611.mp4,,,Normal,Clear,Urban,1.5,normal_driving,test,private
02614.mp4,,,Normal,Clear,Urban,1.5,normal_driving,test,private
02619.mp4,,,Normal,Cloudy,Urban,1.5,normal_driving,test,private
02622.mp4,,,Normal,Clear,Sub-urban,1.5,normal_driving,test,private
02625.mp4,,,Normal,Clear,Urban,1.5,normal_driving,test,private
02633.mp4,,,Normal,Clear,Urban,1.5,normal_driving,test,private
02637.mp4,,,Normal,Cloudy,Rural,1.5,normal_driving,test,private
02643.mp4,,,Normal,Clear,Highway,1.5,normal_driving,test,private
02645.mp4,,,Normal,Rain,Sub-urban,1.5,normal_driving,test,private
02649.mp4,,,Dark,Clear,Highway,1.5,normal_driving,test,private
02653.mp4,,,Normal,Cloudy,Highway,1.5,normal_driving,test,private
02654.mp4,,,Normal,Clear,Urban,1.5,normal_driving,test,private
02659.mp4,,,Normal,Clear,Highway,1.5,normal_driving,test,private
02660.mp4,,,Normal,Clear,Urban,1.5,normal_driving,test,private
02663.mp4,,,Normal,Clear,Urban,1.5,normal_driving,test,private
02665.mp4,,,Normal,Clear,Urban,1.5,normal_driving,test,private
02670.mp4,,,Normal,Cloudy,Urban,1.5,normal_driving,test,private
02679.mp4,,,Normal,Cloudy,Highway,1.5,normal_driving,test,private
02684.mp4,,,Normal,Clear,Sub-urban,1.5,normal_driving,test,private
02698.mp4,,,Normal,Cloudy,Highway,1.5,normal_driving,test,private
02701.mp4,,,Normal,Fog,Urban,1.5,normal_driving,test,private
02706.mp4,,,Normal,Clear,Highway,1.5,normal_driving,test,private
02707.mp4,,,Normal,Clear,Other,1.5,normal_driving,test,private
02715.mp4,,,Normal,Cloudy,Sub-urban,1.5,normal_driving,test,private
02718.mp4,,,Normal,Cloudy,Highway,1.5,normal_driving,test,private
02719.mp4,,,Normal,Cloudy,Sub-urban,1.5,normal_driving,test,private
02720.mp4,,,Normal,Clear,Urban,1.5,normal_driving,test,private
02721.mp4,,,Normal,Cloudy,Sub-urban,1.5,normal_driving,test,private
02726.mp4,,,Normal,Clear,Urban,1.5,normal_driving,test,private
02731.mp4,,,Normal,Clear,Urban,1.5,normal_driving,test,private
02735.mp4,,,Normal,Clear,Highway,1.5,normal_driving,test,private
02737.mp4,,,Normal,Cloudy,Highway,1.5,normal_driving,test,private
02738.mp4,,,Normal,Clear,Highway,1.5,normal_driving,test,private
02742.mp4,,,Normal,Cloudy,Highway,1.5,normal_driving,test,private
02750.mp4,,,Normal,Clear,Urban,1.5,normal_driving,test,private
02752.mp4,,,Normal,Cloudy,Sub-urban,1.5,normal_driving,test,private
02756.mp4,,,Normal,Cloudy,Highway,1.5,normal_driving,test,private
02757.mp4,,,Normal,Clear,Urban,1.5,normal_driving,test,private
02759.mp4,,,Normal,Rain,Urban,1.5,normal_driving,test,private
02761.mp4,,,Normal,Cloudy,Sub-urban,1.5,normal_driving,test,private
02766.mp4,,,Normal,Cloudy,Other,1.5,normal_driving,test,private
02768.mp4,,,Normal,Clear,Highway,1.5,normal_driving,test,private
02772.mp4,,,Normal,Cloudy,Highway,1.5,normal_driving,test,private
02773.mp4,,,Normal,Cloudy,Urban,1.5,normal_driving,test,private
02775.mp4,,,Normal,Cloudy,Urban,1.5,normal_driving,test,private
02777.mp4,,,Normal,Cloudy,Sub-urban,1.5,normal_driving,test,private
02778.mp4,,,Normal,Clear,Highway,1.5,normal_driving,test,private
02784.mp4,,,Normal,Clear,Urban,1.5,normal_driving,test,private
02785.mp4,,,Normal,Clear,Highway,1.5,normal_driving,test,private
02789.mp4,,,Normal,Clear,Urban,1.5,normal_driving,test,private
02795.mp4,,,Normal,Clear,Highway,1.5,normal_driving,test,private
02796.mp4,,,Normal,Cloudy,Highway,1.5,normal_driving,test,private
02802.mp4,,,Normal,Cloudy,Sub-urban,1.5,normal_driving,test,private
02803.mp4,,,Normal,Cloudy,Urban,1.5,normal_driving,test,private
02808.mp4,,,Normal,Clear,Urban,1.5,normal_driving,test,private
02813.mp4,,,Normal,Clear,Highway,1.5,normal_driving,test,private
02819.mp4,,,Normal,Clear,Urban,1.5,normal_driving,test,private
02824.mp4,,,Twilight,Clear,Sub-urban,1.5,normal_driving,test,private
02825.mp4,,,Normal,Clear,Urban,1.5,normal_driving,test,private
02834.mp4,,,Normal,Clear,Urban,1.5,normal_driving,test,private
02841.mp4,,,Normal,Clear,Urban,1.5,normal_driving,test,private
02842.mp4,,,Normal,Clear,Sub-urban,1.5,normal_driving,test,private
02843.mp4,,,Normal,Clear,Urban,1.5,normal_driving,test,private
02865.mp4,,,Normal,Clear,Other,1.5,normal_driving,test,private
02867.mp4,,,Twilight,Clear,Highway,1.5,normal_driving,test,private
02871.mp4,,,Normal,Cloudy,Urban,1.5,normal_driving,test,private
02878.mp4,,,Normal,Clear,Sub-urban,1.5,normal_driving,test,private
02881.mp4,,,Twilight,Clear,Urban,1.5,normal_driving,test,private
02882.mp4,,,Normal,Cloudy,Urban,1.5,normal_driving,test,private
02884.mp4,,,Normal,Clear,Urban,1.5,normal_driving,test,private
02892.mp4,,,Twilight,Cloudy,Urban,1.5,normal_driving,test,private
02898.mp4,,,Normal,Cloudy,Urban,1.5,normal_driving,test,private
02900.mp4,,,Normal,Clear,Urban,1.5,normal_driving,test,private
02901.mp4,,,Normal,Clear,Highway,1.5,normal_driving,test,private
02902.mp4,,,Normal,Clear,Urban,1.5,normal_driving,test,private
02907.mp4,,,Normal,Cloudy,Urban,1.5,normal_driving,test,private
02909.mp4,,,Normal,Clear,Highway,1.5,normal_driving,test,private
02910.mp4,,,Normal,Clear,Sub-urban,1.5,normal_driving,test,private
